// images.h
// contains image buffers for simple space invaders
// Jonathan Valvano, March 5, 2018
// Capture image dimensions from BMP files

#ifndef __images_h
#define __images_h
#include <stdint.h>
const unsigned short ball1[] = {
 0x0000, 0x0000, 0x0000, 0x0000, 0x0000, 0x0000, 0x0000, 0x0000, 0x0000, 0x0000, 0x0000, 0x0000, 0x0000, 0x0000, 0x0000, 0x0000,
 0x0000, 0x0000, 0x0021, 0x0021, 0x0000, 0x0000, 0x0000, 0x0000, 0x0000, 0x0000, 0x0000, 0x0000, 0x0020, 0x18E3, 0x4206, 0x4206,
 0x2124, 0x0841, 0x0000, 0x0000, 0x0000, 0x0000, 0x0000, 0x0000, 0x18C3, 0x5AEA, 0xA52E, 0xAD6F, 0x6B6B, 0x2104, 0x0000, 0x0000,
 0x0000, 0x0000, 0x0000, 0x0000, 0x31A6, 0x9CCF, 0xEF54, 0xF795, 0xA530, 0x39E6, 0x0020, 0x0000, 0x0000, 0x0000, 0x0000, 0x0000,
 0x4A47, 0xBDD0, 0xFFD5, 0xFFF6, 0xBDD0, 0x4A47, 0x0021, 0x0000, 0x0000, 0x0000, 0x0000, 0x0000, 0x4A48, 0xB5B0, 0xFFD3, 0xFFF4,
 0xBDEF, 0x4A47, 0x0021, 0x0000, 0x0000, 0x0000, 0x0000, 0x0000, 0x39C6, 0xA50F, 0xF793, 0xFFF4, 0xB590, 0x4207, 0x0001, 0x0000,
 0x0000, 0x0000, 0x0000, 0x0000, 0x18E4, 0x632B, 0xAD70, 0xBDF2, 0x7BEC, 0x2125, 0x0000, 0x0000, 0x0000, 0x0000, 0x0000, 0x0000,
 0x0020, 0x18E4, 0x39E8, 0x4228, 0x2945, 0x0841, 0x0000, 0x0000, 0x0000, 0x0000, 0x0000, 0x0000, 0x0000, 0x0000, 0x0001, 0x0001,
 0x0000, 0x0000, 0x0000, 0x0000, 0x0000, 0x0000, 0x0000, 0x0000, 0x0000, 0x0000, 0x0000, 0x0000, 0x0000, 0x0000, 0x0000, 0x0000,

};

const unsigned short energy[] = {
 0x0000, 0x0000, 0x0000, 0x0000, 0x0000, 0x0000, 0x0000, 0x0000, 0x0000, 0x0000, 0x0000, 0x0000, 0x0000, 0x0000, 0x0000, 0x0000,
 0x0000, 0x0000, 0x0000, 0x0000, 0x0000, 0x0000, 0x0000, 0x0000, 0x0000, 0x0000, 0x0000, 0x0000, 0x0000, 0x0000, 0x0000, 0x0000,
 0x0000, 0x0000, 0x0000, 0x0000, 0x0008, 0x0052, 0x0051, 0x0051, 0x0050, 0x0050, 0x0050, 0x084D, 0x0022, 0x0000, 0x0000, 0x0000,
 0x0000, 0x0000, 0x0000, 0x0000, 0x000B, 0x0038, 0x0037, 0x0036, 0x0035, 0x0035, 0x0035, 0x0052, 0x0023, 0x0000, 0x0000, 0x0000,
 0x0000, 0x0000, 0x0000, 0x0000, 0x002B, 0x0059, 0x0058, 0x0057, 0x0057, 0x0056, 0x0056, 0x0073, 0x0023, 0x0000, 0x0000, 0x0000,
 0x0000, 0x0000, 0x0000, 0x0000, 0x002C, 0x007B, 0x005B, 0x0059, 0x0059, 0x0058, 0x0058, 0x0075, 0x0023, 0x0000, 0x0000, 0x0000,
 0x0000, 0x0000, 0x0000, 0x0000, 0x002C, 0x007D, 0x003D, 0x001C, 0x003B, 0x003B, 0x007B, 0x0096, 0x0023, 0x0000, 0x0000, 0x0000,
 0x0000, 0x0000, 0x0000, 0x0000, 0x002D, 0x005E, 0x01BD, 0x04BD, 0x0438, 0x0236, 0x009C, 0x0099, 0x0024, 0x0000, 0x0000, 0x0000,
 0x0000, 0x0000, 0x0000, 0x0000, 0x000D, 0x00DE, 0x061D, 0x0676, 0x04D0, 0x06DA, 0x025E, 0x005A, 0x0024, 0x0000, 0x0000, 0x0000,
 0x0000, 0x0000, 0x0000, 0x0000, 0x000D, 0x00DC, 0x0372, 0x036A, 0x0594, 0x061D, 0x017E, 0x005A, 0x0024, 0x0000, 0x0000, 0x0000,
 0x0000, 0x0000, 0x0000, 0x0000, 0x002B, 0x005A, 0x0096, 0x0173, 0x0219, 0x00DB, 0x003D, 0x0099, 0x0024, 0x0000, 0x0000, 0x0000,
 0x0000, 0x0000, 0x0000, 0x0000, 0x002A, 0x0058, 0x0039, 0x0019, 0x0019, 0x0039, 0x005B, 0x0078, 0x0024, 0x0000, 0x0000, 0x0000,
 0x0000, 0x0000, 0x0000, 0x0000, 0x0029, 0x0056, 0x0036, 0x0036, 0x0056, 0x0057, 0x0059, 0x0076, 0x0023, 0x0000, 0x0000, 0x0000,
 0x0000, 0x0000, 0x0000, 0x0000, 0x0009, 0x0035, 0x0035, 0x0035, 0x0035, 0x0036, 0x0038, 0x0055, 0x0023, 0x0000, 0x0000, 0x0000,
 0x0000, 0x0000, 0x0000, 0x0000, 0x0025, 0x004C, 0x002C, 0x002E, 0x000F, 0x002F, 0x004E, 0x084C, 0x0022, 0x0000, 0x0000, 0x0000,
 0x0000, 0x0000, 0x0000, 0x0000, 0x0000, 0x0000, 0x0000, 0x0000, 0x0000, 0x0000, 0x0000, 0x0000, 0x0000, 0x0000, 0x0000, 0x0000,

};

const unsigned short exit1[] = {
 0x0000, 0x0000, 0x0000, 0x0000, 0x0000, 0x0000, 0x0000, 0x0000, 0x0000, 0x0000, 0x0000, 0x0000, 0x0843, 0x0003, 0x0842, 0x0841,
 0x0000, 0x0000, 0x0000, 0x0000, 0x0000, 0x0000, 0x0000, 0x0000, 0x0000, 0x0000, 0x0000, 0x0000, 0x0000, 0x0000, 0x0000, 0x0000,
 0x0000, 0x0000, 0x0000, 0x0000, 0x0000, 0x0000, 0x0000, 0x18C3, 0x2966, 0x2966, 0x0020, 0x1081, 0x4A77, 0x319D, 0x423E, 0x39D2,
 0x10A6, 0x0861, 0x0000, 0x0000, 0x0000, 0x0000, 0x0000, 0x0000, 0x0862, 0x1083, 0x0000, 0x0000, 0x0000, 0x0000, 0x0000, 0x0000,
 0x0000, 0x0000, 0x0000, 0x0000, 0x0000, 0x18E5, 0x212A, 0x5297, 0x841E, 0x841D, 0x0849, 0x0007, 0x39CD, 0xBDDF, 0x6B5F, 0x109E,
 0x31BF, 0x39D0, 0x39C8, 0x0841, 0x0000, 0x0000, 0x0000, 0x0000, 0x318B, 0x73B7, 0x2104, 0x0000, 0x0000, 0x0000, 0x0000, 0x0000,
 0x0000, 0x0000, 0x0000, 0x0000, 0x0000, 0x39CB, 0x4A56, 0x39DA, 0x421C, 0x297C, 0x18FD, 0x109D, 0x295D, 0x633C, 0x843E, 0x6B7F,
 0x31BD, 0x211D, 0x7BDF, 0x528F, 0x4A6B, 0x31A9, 0x0000, 0x0000, 0x0027, 0x8C7F, 0x7390, 0x0000, 0x0000, 0x0000, 0x0000, 0x0000,
 0x0000, 0x0000, 0x0000, 0x0000, 0x0000, 0x0000, 0x0000, 0x9CD4, 0xE73F, 0xBDFF, 0x949F, 0x6B5E, 0x5ADC, 0x297C, 0x087B, 0x423C,
 0x6B5D, 0x31BD, 0x001D, 0x423F, 0xC61F, 0x9CFF, 0x2109, 0x0861, 0x52B2, 0x7BFF, 0x422F, 0x0000, 0x18C9, 0x0022, 0x0000, 0x0000,
 0x0000, 0x0000, 0x0000, 0x2104, 0x6B50, 0x420F, 0x18EE, 0x5AD9, 0x739E, 0x5AFD, 0x529C, 0x52BD, 0x633D, 0x529D, 0x39BC, 0x20FC,
 0x189C, 0x317D, 0x295D, 0x001C, 0x421D, 0x73BF, 0x39DA, 0x6313, 0xA51F, 0x52BF, 0x10AC, 0x0000, 0x18F4, 0x4236, 0x1083, 0x0000,
 0x0000, 0x1083, 0x4232, 0x4237, 0x843F, 0x841F, 0x52BF, 0x18DC, 0x085B, 0x003A, 0x087A, 0x0819, 0x0819, 0x1818, 0x38F9, 0x411B,
 0x285B, 0x201B, 0x30DC, 0x207C, 0x081C, 0x41FD, 0x319C, 0x5AFE, 0x73BD, 0x10BD, 0x4A77, 0x8C53, 0x2138, 0x631F, 0x2106, 0x0000,
 0x0000, 0x18E6, 0xAD5F, 0x6B59, 0x0848, 0x6313, 0xA51F, 0x739D, 0x52BD, 0x39FC, 0x291C, 0x207B, 0x283A, 0x3019, 0x3818, 0x4817,
 0x5038, 0x4818, 0x3819, 0x383A, 0x201B, 0x289C, 0x317C, 0x213B, 0x52BD, 0x003B, 0x6B7E, 0xE71F, 0x39FD, 0x5ADE, 0x2106, 0x0000,
 0x0000, 0x0021, 0x2967, 0x18E4, 0x0000, 0x630F, 0xA53F, 0x4A5C, 0x295B, 0x20DB, 0x287C, 0x381A, 0x4818, 0x5817, 0x6015, 0x6814,
 0x7014, 0x6814, 0x6015, 0x5816, 0x4018, 0x301A, 0x289C, 0x18BB, 0x39BC, 0x003A, 0x5ADD, 0xBDFF, 0x297C, 0x7BDE, 0x2946, 0x0000,
 0x0000, 0x0000, 0x0000, 0x0000, 0x422B, 0x6B7C, 0x297B, 0x39DB, 0x41DD, 0x30BC, 0x381A, 0x5017, 0x6815, 0x7813, 0x8812, 0x8812,
 0x8811, 0x8812, 0x8012, 0x7813, 0x6815, 0x5017, 0x301A, 0x203C, 0x28FC, 0x085A, 0x529C, 0x94BF, 0x18DC, 0x949D, 0x39C6, 0x0000,
 0x0000, 0x0000, 0x0000, 0x420A, 0x8C7F, 0x5ADD, 0x6B7E, 0x421D, 0x289C, 0x383A, 0x5017, 0x7014, 0x8012, 0x8811, 0x9810, 0xA010,
 0x9010, 0x800F, 0x8010, 0x8811, 0x8013, 0x6814, 0x5017, 0x301A, 0x207B, 0x083A, 0x52BD, 0x6B5E, 0x087D, 0x0868, 0x8C55, 0x18C3,
 0x0000, 0x0000, 0x0000, 0x31A9, 0xAD7D, 0x9D1F, 0x39FD, 0x103C, 0x281B, 0x4818, 0x6815, 0x8012, 0x8810, 0x780F, 0x780F, 0x900F,
 0x980F, 0x800E, 0x700E, 0x800F, 0x8811, 0x8013, 0x6815, 0x4818, 0x201A, 0x081A, 0x631D, 0x5ADC, 0x213D, 0x294A, 0x5AF7, 0x0864,
 0x0000, 0x0000, 0x0000, 0x0000, 0x31AB, 0x421F, 0x085C, 0x289C, 0x383A, 0x5816, 0x7813, 0x8811, 0x8010, 0x780F, 0x700E, 0x680E,
 0x880E, 0x900F, 0x780E, 0x700F, 0x780F, 0x8811, 0x7813, 0x5817, 0x3019, 0x1018, 0x529D, 0x299C, 0x631C, 0xBDDF, 0x31BC, 0x0003,
 0x0000, 0x0000, 0x0000, 0x0021, 0x1091, 0x001D, 0x319D, 0x30DC, 0x4019, 0x6815, 0x8812, 0x8010, 0x780F, 0x780F, 0x800E, 0x780E,
 0x800F, 0x980F, 0x800E, 0x700E, 0x780F, 0x9010, 0x8812, 0x6015, 0x3818, 0x30B9, 0x39BC, 0x085B, 0x843E, 0x73BF, 0x423E, 0x0842,
 0x0000, 0x0000, 0x10A3, 0x4212, 0x295E, 0x39FD, 0x317D, 0x281B, 0x4818, 0x7014, 0x8811, 0x780F, 0x800E, 0x900F, 0x980F, 0x980F,
 0x880F, 0x980F, 0x780E, 0x680E, 0x900F, 0xA010, 0x8812, 0x6814, 0x4017, 0x411B, 0x20DB, 0x39DC, 0x73BF, 0x109D, 0x4214, 0x0861,
 0x0000, 0x0000, 0x1086, 0x319F, 0x3A1D, 0x6B5D, 0x187B, 0x307B, 0x5037, 0x7014, 0x8811, 0x9010, 0x980F, 0x800E, 0x800F, 0x880F,
 0x780F, 0x880F, 0x780F, 0x800E, 0x980F, 0x9810, 0x8811, 0x7014, 0x4837, 0x285B, 0x185B, 0x739D, 0x39FD, 0x319F, 0x0844, 0x0000,
 0x0000, 0x10A3, 0x31B4, 0x109E, 0x7BDF, 0x39DB, 0x20FB, 0x40FB, 0x4817, 0x7014, 0x9011, 0xA010, 0x880F, 0x680E, 0x780E, 0x980F,
 0x800F, 0x980F, 0x980F, 0x980F, 0x800E, 0x8010, 0x8812, 0x6814, 0x4838, 0x201B, 0x397D, 0x39FD, 0x39FE, 0x4A72, 0x1082, 0x0000,
 0x0000, 0x1086, 0x4A7F, 0x73BE, 0x7BFD, 0x087B, 0x41FC, 0x30B9, 0x4018, 0x6815, 0x8812, 0x9010, 0x780F, 0x700E, 0x800E, 0x980F,
 0x780F, 0x780E, 0x880F, 0x780F, 0x700E, 0x8010, 0x8012, 0x6015, 0x4019, 0x30BC, 0x317D, 0x003D, 0x2131, 0x0841, 0x0000, 0x0000,
 0x0000, 0x0005, 0x39FE, 0xC61F, 0x52BC, 0x31BC, 0x4A7D, 0x1818, 0x3819, 0x5816, 0x7813, 0x8811, 0x780F, 0x780F, 0x800F, 0x900F,
 0x800E, 0x680E, 0x700E, 0x700E, 0x780F, 0x8811, 0x7813, 0x5816, 0x383A, 0x209C, 0x085C, 0x5B1F, 0x3189, 0x0000, 0x0000, 0x0000,
 0x0000, 0x0865, 0x94BF, 0xBDFF, 0x18DB, 0x633D, 0x5ADD, 0x0819, 0x281A, 0x4818, 0x6815, 0x8012, 0x8810, 0x8010, 0x780F, 0x800E,
 0x980F, 0x880F, 0x780E, 0x780F, 0x8811, 0x8012, 0x6815, 0x4818, 0x281B, 0x081C, 0x4A5D, 0xD69F, 0x4A6B, 0x0000, 0x0000, 0x0000,
 0x0000, 0x18E5, 0xD6BE, 0xA51E, 0x085C, 0x739E, 0x4A5C, 0x085A, 0x287B, 0x381A, 0x5017, 0x7014, 0x8012, 0x8811, 0x8010, 0x800F,
 0x9010, 0xA010, 0x9010, 0x8811, 0x8012, 0x7014, 0x5017, 0x301A, 0x207C, 0x4A3D, 0x7BFE, 0xA51E, 0x39CA, 0x0000, 0x0000, 0x0000,
 0x0000, 0x0020, 0x5ACA, 0x949F, 0x18FC, 0x9CDF, 0x423C, 0x109A, 0x293C, 0x287C, 0x3819, 0x5017, 0x6815, 0x7813, 0x8812, 0x8811,
 0x8811, 0x9011, 0x8812, 0x7813, 0x6815, 0x5017, 0x381A, 0x30BC, 0x399D, 0x319B, 0x52BE, 0x39CD, 0x0000, 0x0000, 0x0000, 0x0000,
 0x0000, 0x0000, 0x39C8, 0x7BDE, 0x39DC, 0xC61F, 0x4A7C, 0x085A, 0x41FD, 0x20DB, 0x30BC, 0x381A, 0x4818, 0x5816, 0x6815, 0x7014,
 0x7014, 0x7014, 0x6815, 0x5816, 0x4818, 0x301A, 0x203B, 0x189B, 0x20FA, 0x4A5C, 0xB59F, 0x6B50, 0x2945, 0x2125, 0x2966, 0x0020,
 0x0000, 0x0000, 0x31A8, 0x6B5E, 0x4A7C, 0xDEDF, 0x52BE, 0x085A, 0x5AFD, 0x293B, 0x41FD, 0x287C, 0x281A, 0x383A, 0x4019, 0x4818,
 0x5037, 0x4817, 0x4018, 0x3819, 0x281A, 0x205B, 0x28FC, 0x39DD, 0x5AFD, 0x73BD, 0x739D, 0x7BFE, 0x9CFE, 0xC63F, 0xAD79, 0x1082,
 0x0000, 0x0000, 0x3188, 0x631E, 0x633E, 0xC63A, 0x4218, 0x003C, 0x739D, 0x423C, 0x421C, 0x4A1D, 0x101C, 0x289C, 0x30BC, 0x281B,
 0x305B, 0x40FA, 0x30B9, 0x1818, 0x0819, 0x085A, 0x107A, 0x085A, 0x085A, 0x003C, 0x295E, 0x5AFF, 0x739F, 0x7398, 0x10A3, 0x0000,
 0x0000, 0x0000, 0x2948, 0x633E, 0x9CDF, 0x7BCE, 0x084D, 0x295E, 0x739D, 0x843E, 0x295B, 0x841E, 0x421D, 0x085B, 0x319D, 0x315D,
 0x105B, 0x291C, 0x39DC, 0x4A5D, 0x529D, 0x423C, 0x421B, 0x4A5C, 0x52BD, 0x31B7, 0x108F, 0x4A71, 0x7BF3, 0x18E3, 0x0000, 0x0000,
 0x0000, 0x0000, 0x31A8, 0xA53F, 0x73B8, 0x39C7, 0x4210, 0x631F, 0x7BFE, 0xD6BF, 0x7BDF, 0x5AFC, 0xBDDF, 0x5ADF, 0x085D, 0x423D,
 0x737D, 0x31BC, 0x085B, 0x39FC, 0x633D, 0x739E, 0x94BF, 0xBDFF, 0xDEDF, 0xC638, 0x31A6, 0x0000, 0x0000, 0x0000, 0x0000, 0x0000,
 0x0000, 0x0000, 0x18C3, 0x94B6, 0x7393, 0x0000, 0x8414, 0x73BF, 0x9CFE, 0x7BD0, 0x4A6D, 0x8C7F, 0xAD7D, 0x422D, 0x2112, 0x39DE,
 0x4A7D, 0x7BFF, 0x7BFD, 0x52BC, 0x109B, 0x085C, 0x18FC, 0x31BC, 0x4A5C, 0x6B7E, 0x7BFB, 0x2968, 0x0000, 0x0000, 0x0000, 0x0000,
 0x0000, 0x0000, 0x0000, 0x10A3, 0x3187, 0x0000, 0x2966, 0x6B79, 0xC61F, 0x10A3, 0x0000, 0x422B, 0x2947, 0x0000, 0x10A2, 0x5294,
 0x295F, 0x18DD, 0x841E, 0xC61F, 0xBDDF, 0xA51E, 0x8C7F, 0x7BDE, 0x6B7F, 0x841F, 0x7397, 0x18E5, 0x0000, 0x0000, 0x0000, 0x0000,
 0x0000, 0x0000, 0x0000, 0x0000, 0x0000, 0x0000, 0x0000, 0x94B5, 0xEF7F, 0x2125, 0x0000, 0x0000, 0x0000, 0x0000, 0x0000, 0x1082,
 0x7BD5, 0x8C5F, 0x319C, 0x39DC, 0x94BF, 0xCE7D, 0x4A69, 0x39E8, 0x31A8, 0x39E8, 0x18C3, 0x0000, 0x0000, 0x0000, 0x0000, 0x0000,
 0x0000, 0x0000, 0x0000, 0x0000, 0x0000, 0x0000, 0x0000, 0x2104, 0x3186, 0x0021, 0x0000, 0x0000, 0x0000, 0x0000, 0x0000, 0x0000,
 0x18C3, 0x3186, 0x0845, 0x0005, 0x0865, 0x18C5, 0x0000, 0x0000, 0x0000, 0x0000, 0x0000, 0x0000, 0x0000, 0x0000, 0x0000, 0x0000,
 0x0000, 0x0000, 0x0000, 0x0000, 0x0000, 0x0000, 0x0000, 0x0000, 0x0000, 0x0000, 0x0000, 0x0000, 0x0000, 0x0000, 0x0000, 0x0000,
 0x0000, 0x0000, 0x0000, 0x0000, 0x0000, 0x0000, 0x0000, 0x0000, 0x0000, 0x0000, 0x0000, 0x0000, 0x0000, 0x0000, 0x0000, 0x0000,

};
const unsigned short crosshair[] = {
 0x0000, 0x0000, 0x0000, 0x0000, 0x0000, 0x0000, 0x0000, 0x0000, 0x0000, 0x0000, 0xFFFF, 0x0000, 0x0020, 0xFFFF, 0x0000, 0x0000,
 0x0000, 0xFFFF, 0x1082, 0x0000, 0x0000, 0x10A2, 0xFFFF, 0x0000, 0x0841, 0x0841, 0x0000, 0x0000, 0x0000, 0x0000, 0x0861, 0x0841,
 0x0000, 0x0000, 0x0000, 0x0000, 0x0000, 0x0000, 0x0000, 0x0020, 0x0000, 0xFFFF, 0x0000, 0x0000, 0x0000, 0x0000, 0xFFFF, 0x0000,
 0x0000, 0x0000, 0xFFFF, 0x0000, 0x0020, 0xFFFF, 0x0000, 0x0000, 0x0000, 0x0000, 0x0020, 0x0000, 0x0000, 0x0020, 0x0000, 0x0000,

};

const unsigned short plasmashot[] = {
 0x0000, 0x0000, 0x0000, 0x0000, 0x0000, 0x0000, 0x0000, 0x0000, 0x0000, 0x0000, 0x0000, 0x0000, 0x0000, 0x0000, 0x0000, 0x0000,
 0x0000, 0x0000, 0x0000, 0x0000, 0x0000, 0x0000, 0x0000, 0xC65A, 0xADBA, 0xFFFF, 0xEF5C, 0xBDF8, 0x4B13, 0x4314, 0x4B55, 0x5BD7,
 0x6417, 0x5396, 0x4B55, 0x6438, 0x9DFD, 0x7CB7, 0x851A, 0x9DFD, 0x31EA, 0x6BD1, 0xBE7A, 0xAE3C, 0x7CFA, 0x6438, 0x6438, 0x6458,
 0x6458, 0x6438, 0x6418, 0x6458, 0x6417, 0x4BD2, 0x6458, 0x7499, 0x7CDA, 0x7CFA, 0x6417, 0x3AD4, 0x8496, 0xE6FB, 0xDEFB, 0xDEFB,
 0x0000, 0x0000, 0x0000, 0x0000, 0x0000, 0x0000, 0x0000, 0x0000, 0x0000, 0x0000, 0x0000, 0x0000, 0x0000, 0x0000, 0x0000, 0x0000,
 0x0000, 0x0000, 0x0000, 0x0000, 0x0000, 0x0000, 0x6C37, 0x9D7A, 0x63D5, 0x8CF8, 0xFFDE, 0x9D58, 0x4B14, 0x5355, 0x5BB6, 0x6438,
 0x6C78, 0x6438, 0x5BB7, 0x5BB7, 0x7CDB, 0x84B6, 0x5B0E, 0x4ACD, 0x959A, 0xAE5D, 0x7434, 0xAE1C, 0x9DFC, 0x7CFA, 0x6C58, 0x6438,
 0x6C59, 0x6438, 0x6438, 0x6418, 0x5BF7, 0x5BD7, 0x6438, 0x6C79, 0x6C79, 0x6C58, 0x5BB6, 0x3AB3, 0x7C35, 0xDEDA, 0xDEFB, 0xFFDF,
 0x0000, 0x0000, 0x0000, 0x0000, 0x0000, 0x0000, 0x0000, 0x0000, 0x0000, 0x0000, 0x0000, 0x0000, 0x0000, 0x0000, 0x0000, 0x0000,
 0x0000, 0x0000, 0x0000, 0x0000, 0x0000, 0x0000, 0x5BD7, 0x4B56, 0x3292, 0x63B4, 0xBE3B, 0x32F1, 0x5396, 0x5BD7, 0x6C58, 0x74DA,
 0x7D3B, 0x8D7C, 0x95BB, 0xA599, 0x84D7, 0x95BB, 0xBE7B, 0xB619, 0x52EE, 0x7C53, 0xA61E, 0x6C79, 0x7499, 0x7CDA, 0x6CB8, 0x6457,
 0x5BD4, 0x5C17, 0x4BB2, 0x53D6, 0x39EC, 0x3988, 0x4AAF, 0x5BD6, 0x6438, 0x53F4, 0x5396, 0x5B74, 0xB5D8, 0xCE59, 0x0000, 0x0000,
 0x0000, 0x0000, 0x0000, 0x0000, 0x0000, 0x0000, 0x0000, 0x0000, 0x0000, 0x0000, 0x0000, 0x0000, 0x0000, 0x0000, 0x0000, 0x0000,
 0x0000, 0x0000, 0x0000, 0x1085, 0x0002, 0x18C7, 0x6418, 0x6438, 0x4B94, 0x7456, 0xADBA, 0x3B51, 0x5C55, 0x749A, 0x7D1A, 0xB69E,
 0x959A, 0x9D99, 0x6BB1, 0x1084, 0x0864, 0x5B0E, 0x9D57, 0x7C75, 0x5B71, 0xA61C, 0x853B, 0x6C79, 0x6C59, 0x63F7, 0x53D4, 0x53F6,
 0x3A8D, 0x3A4B, 0x3169, 0x2948, 0x3966, 0x7BEF, 0x3966, 0x20A4, 0x4AF3, 0x5355, 0x3A50, 0xA577, 0x0000, 0xD6BA, 0x0000, 0x0000,
 0x0000, 0x0000, 0x0000, 0x0000, 0x0000, 0x0000, 0x0000, 0x0000, 0x0000, 0x0000, 0x0000, 0x0000, 0x0000, 0x0000, 0x0000, 0x0000,
 0x0000, 0x0000, 0x62F2, 0x0806, 0x0003, 0x18C7, 0x6438, 0x6417, 0x4B55, 0x6330, 0xADBA, 0x4BD4, 0x6CF8, 0x7CFA, 0xAE7E, 0x8CB4,
 0x3186, 0x7C11, 0x2147, 0x0843, 0x10A5, 0x1085, 0x0844, 0x0001, 0x8452, 0xB67E, 0x74DA, 0x7499, 0x6C79, 0x5C18, 0x53B6, 0x3B50,
 0x4332, 0x2949, 0x3A70, 0x3A6F, 0x52CE, 0x41C8, 0x31AA, 0x1884, 0x4A0A, 0x5393, 0x2A6D, 0xAD78, 0xD6BA, 0xF79E, 0x0000, 0x0000,
 0x0000, 0x0000, 0x0000, 0x0000, 0x0000, 0x0000, 0x0000, 0x0000, 0x0000, 0x0000, 0x0000, 0x0000, 0x0000, 0x0000, 0x0000, 0x0000,
 0x0000, 0x0000, 0x18CD, 0x0826, 0x0003, 0x0003, 0x29CC, 0x2127, 0x1042, 0x49C6, 0xBE1B, 0x6439, 0x9DDC, 0xAE7E, 0xC6FE, 0x6AA9,
 0x61A3, 0x51C5, 0x18A3, 0x0864, 0x10A5, 0x0864, 0x0002, 0x2126, 0xAE3C, 0x8DBD, 0x855D, 0x5BD6, 0x6C36, 0x84D9, 0x7416, 0x528A,
 0x5BAF, 0x7C97, 0x851A, 0x5C51, 0x220C, 0x426E, 0x4A0A, 0x1843, 0x4A2A, 0x5394, 0x6C53, 0xDEDB, 0xDEDB, 0xFFFF, 0x0000, 0x0000,
 0x0000, 0x0000, 0x0000, 0x0000, 0x0000, 0x0000, 0x0000, 0x0000, 0x0000, 0x0000, 0x0000, 0x0000, 0x0000, 0x0000, 0x0000, 0x0000,
 0x0000, 0x6311, 0x10AD, 0x0826, 0x0004, 0x0003, 0x0001, 0x0002, 0x0001, 0x52CE, 0x957B, 0x7D1A, 0xBEDE, 0xCF1E, 0x5AAB, 0x59A4,
 0x8286, 0x524B, 0x5A07, 0x20A3, 0x0021, 0x52AC, 0x7C32, 0x9D78, 0xBF1F, 0x7456, 0x3A6D, 0x4A6D, 0xC617, 0xDEBA, 0xD679, 0xD6BA,
 0xDEBA, 0xDEFB, 0xE73C, 0xC5F7, 0x736E, 0x20A4, 0x1001, 0x20C5, 0x42D2, 0x3AD4, 0x7C56, 0xDEDA, 0xF79E, 0x0000, 0x0000, 0x0000,
 0x0000, 0x0000, 0x0000, 0x0000, 0x0000, 0x0000, 0x0000, 0x0000, 0x0000, 0x0000, 0x0000, 0x0000, 0x0000, 0x0000, 0x0000, 0x0000,
 0x0000, 0x0869, 0x10AD, 0x0826, 0x0003, 0x0002, 0x632E, 0x63D5, 0x4B54, 0x6418, 0x74BA, 0x9DFC, 0xBE9D, 0x4A8C, 0x4942, 0x8286,
 0x7A66, 0x6249, 0x7267, 0x6A05, 0x1062, 0x73D1, 0x94F5, 0x73F4, 0x2968, 0x0844, 0x0000, 0x420A, 0xDEFB, 0xD6BA, 0xD69A, 0xD69A,
 0xD6BA, 0xCE39, 0xAD55, 0xBDF8, 0xA534, 0x83D0, 0x20A3, 0x2106, 0x4B56, 0x4B13, 0xBDF8, 0xD6BA, 0x0000, 0x0000, 0x0000, 0x0000,
 0x0000, 0x0000, 0x0000, 0x0000, 0x0000, 0x0000, 0x0000, 0x0000, 0x0000, 0x0000, 0x0000, 0x0000, 0x0000, 0x0000, 0x0000, 0x0000,
 0x6311, 0x108D, 0x108C, 0x0826, 0x0003, 0x7390, 0x9D9B, 0x53D5, 0x6418, 0x63F7, 0x7D1A, 0xBEDF, 0xBE5A, 0x18C4, 0x6A04, 0x6A68,
 0x7266, 0x7A45, 0x7266, 0x7A66, 0x59C5, 0x0023, 0x0002, 0x0004, 0x0000, 0x18C6, 0x528C, 0x4A4A, 0xAD76, 0xD6BA, 0xCE79, 0xCE79,
 0xD6BA, 0xAD35, 0x4A6A, 0x7390, 0xD69A, 0xE73C, 0x6B2D, 0x1065, 0x42F4, 0x7415, 0xDEBA, 0xF79D, 0x0000, 0x0000, 0x0000, 0x0000,
 0x0000, 0x0000, 0x0000, 0x0000, 0x0000, 0x0000, 0x0000, 0x0000, 0x0000, 0x0000, 0x0000, 0x0000, 0x0000, 0x0000, 0x0000, 0xF73B,
 0xACF5, 0x294F, 0x108C, 0x0005, 0x0844, 0xBE3B, 0x74DA, 0x6CB7, 0x6417, 0x6C99, 0xAE3D, 0xCEFE, 0x6B8F, 0x5A07, 0x7A45, 0x4A4B,
 0x524A, 0x8286, 0x7A87, 0x7A86, 0x69E4, 0x732C, 0x8C53, 0x7BD0, 0x8C51, 0xAD76, 0xDEDA, 0xCE79, 0xC638, 0xC618, 0xC618, 0xC618,
 0xC618, 0xCE59, 0xD6BA, 0xCE79, 0xC638, 0xD6BA, 0x6B2D, 0x20C4, 0x5B53, 0xBDF9, 0xDEFB, 0xFFDF, 0x0000, 0x0000, 0x0000, 0x0000,
 0x0000, 0x0000, 0x0000, 0x0000, 0x0000, 0x0000, 0x0000, 0x0000, 0x0000, 0x0000, 0x0000, 0x0000, 0x0000, 0x0000, 0x0000, 0xE677,
 0x6ACF, 0x62F5, 0x6B74, 0x0004, 0x0004, 0x63F6, 0x8DBC, 0x853C, 0x5C15, 0x8559, 0xB67D, 0xB5F7, 0x732D, 0x69E3, 0x7287, 0x526B,
 0x526A, 0x8287, 0x7A86, 0x7245, 0x93AD, 0xEF5C, 0x8C73, 0x8411, 0xBDD7, 0xB596, 0xCE79, 0xCE59, 0xC638, 0xC638, 0xC618, 0xC638,
 0xCE59, 0xCE59, 0xC638, 0xC618, 0xC618, 0xCE59, 0xA4F3, 0x634F, 0x7C55, 0xDEDA, 0xEF5D, 0x0000, 0x0000, 0x0000, 0x0000, 0x0000,
 0x0000, 0x0000, 0x0000, 0x0000, 0x0000, 0x0000, 0x0000, 0x0000, 0x0000, 0x0000, 0x0000, 0x0000, 0x0000, 0x0000, 0x0000, 0xCD30,
 0x428D, 0x63F6, 0x7BD6, 0x0004, 0x0003, 0x5395, 0x95BC, 0x851A, 0x7CFA, 0xB65D, 0x424A, 0x0000, 0x3103, 0x5A27, 0x21CC, 0x6A89,
 0x8AC6, 0x7A87, 0x7A46, 0x51A5, 0xBE19, 0x94B4, 0x0005, 0x316B, 0x1063, 0x5AED, 0xEF7D, 0xDEFB, 0xDEDB, 0xD6BA, 0xD69A, 0xD6BA,
 0xD6BA, 0xD6BA, 0xD6BA, 0xD69A, 0xC638, 0xC638, 0xAD54, 0x8431, 0xADB8, 0xE73C, 0x0000, 0x0000, 0x0000, 0x0000, 0x0000, 0x0000,
 0x0000, 0x0000, 0x0000, 0x0000, 0x0000, 0x0000, 0x0000, 0x0000, 0x0000, 0x0000, 0x0000, 0x0000, 0x0000, 0x0000, 0xE698, 0xE5B3,
 0x430F, 0x5CB7, 0x7BB5, 0x0004, 0x0003, 0x6C16, 0x95DC, 0x8D7B, 0x8DBC, 0x84F7, 0x28A1, 0x20A3, 0x3924, 0x41E8, 0x3A2C, 0x422C,
 0x5A6A, 0x6227, 0x51A4, 0x6B4E, 0x4A4E, 0x294B, 0xAD78, 0x5ACE, 0x0000, 0x0844, 0x2947, 0x2106, 0x94B3, 0x8411, 0x2125, 0x52AC,
 0xBDD7, 0xB576, 0xAD76, 0xBDD7, 0xD6BA, 0xD6BA, 0x6B4D, 0x5AAB, 0xE71C, 0x0000, 0x0000, 0x0000, 0x0000, 0x0000, 0x0000, 0x0000,
 0x0000, 0x0000, 0x0000, 0x0000, 0x0000, 0x0000, 0x0000, 0x0000, 0x0000, 0x0000, 0x0000, 0x0000, 0x0000, 0x0000, 0xDE36, 0xE614,
 0x42EE, 0x5CB7, 0x7B94, 0x0004, 0x0003, 0x4AAE, 0x8D5B, 0xAE5E, 0x95DD, 0x4A08, 0x51E7, 0x5A07, 0x6A25, 0x7266, 0x82A7, 0x5A4A,
 0x320B, 0x49C6, 0x528C, 0x8495, 0x9495, 0xE73C, 0xFFDE, 0x8C56, 0x52AD, 0x41E9, 0x39C9, 0x39C9, 0x4A2B, 0x420A, 0x39A9, 0x41EA,
 0x4A6B, 0x4A6B, 0x4A6A, 0x6B6F, 0xDEBA, 0xC65A, 0x6B70, 0xAD34, 0xD69A, 0xE71C, 0x0000, 0x0000, 0x0000, 0x0000, 0x0000, 0x0000,
 0x0000, 0x0000, 0x0000, 0x0000, 0x0000, 0x0000, 0x0000, 0x0000, 0x0000, 0x0000, 0x0000, 0x0000, 0x0000, 0x0000, 0xEE56, 0xDDB3,
 0x42EE, 0x5C76, 0x7B74, 0x0003, 0x0002, 0x0888, 0x8D7B, 0x9DFB, 0x8559, 0x82E9, 0x320E, 0x524C, 0x7A44, 0x7266, 0x7A87, 0x7A87,
 0x6A05, 0x7BAF, 0x192B, 0x630D, 0xAD77, 0xFFFF, 0x6B34, 0x294E, 0x73B0, 0xDEDA, 0xDEDB, 0xD69A, 0xD69A, 0xD69A, 0xCE79, 0xD69A,
 0xD69A, 0xC638, 0xC638, 0xCE79, 0xC638, 0xB5B7, 0xADB8, 0xD6BA, 0xD69A, 0xE71C, 0x0000, 0x0000, 0x0000, 0x0000, 0x0000, 0x0000,
 0x0000, 0x0000, 0x0000, 0x0000, 0x0000, 0x0000, 0x0000, 0x0000, 0x0000, 0x0000, 0x0000, 0x0000, 0x0000, 0x0000, 0xE636, 0xDDB3,
 0x4B2E, 0x09CE, 0x18AB, 0x0004, 0x0003, 0x10E9, 0x8D7B, 0x632E, 0x5B6F, 0x4A4C, 0x4A4D, 0x7246, 0x7245, 0x7246, 0x7246, 0x7A45,
 0x4964, 0x6B90, 0x0845, 0x630E, 0x528F, 0xC61A, 0x2950, 0x0006, 0x0003, 0x20E6, 0x20E6, 0x3187, 0xB596, 0xD6BA, 0xDEDA, 0xCE79,
 0x4A4B, 0x4229, 0x4A6B, 0xBDD7, 0xC638, 0xC638, 0xD699, 0xDEDB, 0xE71C, 0x0000, 0x0000, 0x0000, 0x0000, 0x0000, 0x0000, 0x0000,
 0x0000, 0x0000, 0x0000, 0x0000, 0x0000, 0x0000, 0x0000, 0x0000, 0x0000, 0x0000, 0x0000, 0x0000, 0x0000, 0x0000, 0xE616, 0xDDD4,
 0x4A8B, 0x010B, 0x082A, 0x0004, 0x0003, 0x0865, 0x6C36, 0x39C8, 0x28A2, 0x3A92, 0x7246, 0x7245, 0x7246, 0x7245, 0x7A45, 0x5A06,
 0x5330, 0x10C8, 0x0002, 0x738F, 0x296C, 0x084D, 0x0848, 0x0004, 0x0004, 0x0003, 0x0001, 0x526C, 0xE73C, 0xA514, 0x738F, 0x420A,
 0x0002, 0xBDF7, 0xCE79, 0xC618, 0xC638, 0xC638, 0xCE79, 0xF7BE, 0x0000, 0x0000, 0x0000, 0x0000, 0x0000, 0x0000, 0x0000, 0x0000,
 0x0000, 0x0000, 0x0000, 0x0000, 0x0000, 0x0000, 0x0000, 0x0000, 0x0000, 0x0000, 0x0000, 0x0000, 0x0000, 0x0000, 0xE616, 0xDDD4,
 0x4AAC, 0x010A, 0x084A, 0x0005, 0x0004, 0x0002, 0x31ED, 0x49C6, 0x3989, 0x2A94, 0x7246, 0x7245, 0x7246, 0x7246, 0x6A27, 0x51C6,
 0x296A, 0x0004, 0x0003, 0x738F, 0x318D, 0x082B, 0x0005, 0x0004, 0x0005, 0x0004, 0x18A6, 0xB5B7, 0xCE59, 0x3168, 0x0003, 0x0024,
 0x18C6, 0xBDD7, 0xD6BA, 0xD69A, 0xCE79, 0xD6BA, 0xDEDB, 0xFFFF, 0x0000, 0x0000, 0x0000, 0x0000, 0x0000, 0x0000, 0x0000, 0x0000,
 0x0000, 0x0000, 0x0000, 0x0000, 0x0000, 0x0000, 0x0000, 0x0000, 0x0000, 0x0000, 0x0000, 0x0000, 0x0000, 0x0000, 0xE615, 0xDDB3,
 0x4A8B, 0x00EA, 0x0028, 0x0006, 0x0004, 0x0005, 0x0004, 0x4A6B, 0x6B4F, 0x6228, 0x7A66, 0x7A86, 0x7A86, 0x7AC8, 0x29CC, 0x0805,
 0x0004, 0x0005, 0x0003, 0x736F, 0x39CF, 0x0829, 0x0004, 0x0005, 0x0005, 0x0004, 0x2107, 0xD6DA, 0xCE59, 0xAD76, 0xC618, 0xC618,
 0xB5B7, 0xCE59, 0xA515, 0xC639, 0xD69A, 0xDEFB, 0xE71C, 0x0000, 0x0000, 0x0000, 0x0000, 0x0000, 0x0000, 0x0000, 0x0000, 0x0000,
 0x0000, 0x0000, 0x0000, 0x0000, 0x0000, 0x0000, 0x0000, 0x0000, 0x0000, 0x0000, 0x0000, 0x0000, 0x0000, 0x0000, 0xE5F5, 0xDDB4,
 0x4208, 0x0067, 0x0028, 0x0027, 0x0004, 0x0005, 0x0004, 0x3A2D, 0x53B6, 0x41E9, 0x6A05, 0x7A66, 0x6206, 0x3105, 0x1887, 0x0006,
 0x0004, 0x0005, 0x0002, 0x6B6F, 0x39F1, 0x0007, 0x0004, 0x0005, 0x0005, 0x0004, 0x20E7, 0xD69A, 0xD6BA, 0xDEDA, 0x738F, 0x73B0,
 0xD699, 0xD69A, 0x9CD4, 0xBDF7, 0xDEDB, 0xD69A, 0xF79E, 0x0000, 0x0000, 0x0000, 0x0000, 0x0000, 0x0000, 0x0000, 0x0000, 0x0000,
 0x0000, 0x0000, 0x0000, 0x0000, 0x0000, 0x0000, 0x0000, 0x0000, 0x0000, 0x0000, 0x0000, 0x0000, 0x0000, 0x0000, 0xDDB4, 0xCD51,
 0x62CA, 0x31A9, 0x0029, 0x0027, 0x0004, 0x0005, 0x0005, 0x0003, 0x0025, 0x5312, 0x84B6, 0xCE38, 0xAD55, 0x18E6, 0x0005, 0x0005,
 0x0005, 0x0004, 0x0844, 0x8412, 0x31AE, 0x0004, 0x0005, 0x0005, 0x0005, 0x0004, 0x20E6, 0xCE59, 0xDF1B, 0xD69A, 0xA515, 0xAD76,
 0xCE59, 0xCE79, 0xD69A, 0x83F1, 0xDEDB, 0xD69A, 0x0000, 0x0000, 0x0000, 0x0000, 0x0000, 0x0000, 0x0000, 0x0000, 0x0000, 0x0000,
 0x0000, 0x0000, 0x0000, 0x0000, 0x0000, 0x0000, 0x0000, 0x0000, 0x0000, 0x0000, 0x0000, 0x0000, 0x0000, 0x0000, 0xD592, 0xC510,
 0xAC0D, 0x0866, 0x0009, 0x0027, 0x0004, 0x0005, 0x0005, 0x0005, 0x0003, 0x9CD4, 0xCE9A, 0x94D4, 0xA535, 0x18E5, 0x0004, 0x0028,
 0x0027, 0x0003, 0x41EA, 0xD69A, 0x18C9, 0x0004, 0x0005, 0x0005, 0x0005, 0x0004, 0x20E6, 0xCE59, 0x94B3, 0xC638, 0xCE79, 0xD69A,
 0xC638, 0xCE59, 0xD69A, 0xCE59, 0xD69A, 0xD69A, 0x0000, 0x0000, 0x0000, 0x0000, 0x0000, 0x0000, 0x0000, 0x0000, 0x0000, 0x0000,
 0x0000, 0x0000, 0x0000, 0x0000, 0x0000, 0x0000, 0x0000, 0x0000, 0x0000, 0x0000, 0x0000, 0x0000, 0x0000, 0x0000, 0xD593, 0xBC8E,
 0xA3EC, 0x1088, 0x0004, 0x0006, 0x0004, 0x0005, 0x0005, 0x0004, 0x0025, 0xA4F4, 0xCE79, 0x9CD4, 0xDEDA, 0x41EC, 0x0004, 0x10A8,
 0x0007, 0x0005, 0x41EB, 0xCE79, 0x18E9, 0x0004, 0x0005, 0x0005, 0x0005, 0x0004, 0x20E6, 0xCE59, 0xA515, 0xCE59, 0xCE79, 0xCE59,
 0xC618, 0xCE59, 0xCE79, 0xC638, 0xCE79, 0xD69A, 0x0000, 0x0000, 0x0000, 0x0000, 0x0000, 0x0000, 0x0000, 0x0000, 0x0000, 0x0000,
 0x0000, 0x0000, 0x0000, 0x0000, 0x0000, 0x0000, 0x0000, 0x0000, 0x0000, 0x0000, 0x0000, 0x0000, 0x0000, 0x0000, 0xD572, 0xB44D,
 0xAC2C, 0x7AEA, 0x0824, 0x0005, 0x0004, 0x0005, 0x0005, 0x0003, 0x5ACD, 0xCE79, 0xCE59, 0xDEDB, 0x632F, 0x0005, 0x0005, 0x636F,
 0x6330, 0x10A8, 0x39CB, 0xCE79, 0x18C9, 0x0004, 0x0005, 0x0005, 0x0005, 0x0004, 0x20E6, 0xCE59, 0xD6BA, 0xC638, 0xC638, 0xCE59,
 0xC618, 0xC638, 0xCE59, 0xC618, 0xD69A, 0xD69A, 0x0000, 0x0000, 0x0000, 0x0000, 0x0000, 0x0000, 0x0000, 0x0000, 0x0000, 0x0000,
 0x0000, 0x0000, 0x0000, 0x0000, 0x0000, 0x0000, 0x0000, 0x0000, 0x0000, 0x0000, 0x0000, 0x0000, 0x0000, 0x0000, 0xC4AF, 0xAC0D,
 0xA3CB, 0xB40B, 0x7AEA, 0x0846, 0x0004, 0x0005, 0x0005, 0x0002, 0x630E, 0xD6BA, 0xD6BA, 0xBDD7, 0x0004, 0x08A6, 0x31E9, 0x0086,
 0xAD96, 0x5AF0, 0x3169, 0xD6BA, 0x18C9, 0x0005, 0x0004, 0x0005, 0x0005, 0x0004, 0x20E6, 0xCE59, 0xCE59, 0xC618, 0xC638, 0xCE59,
 0xC618, 0xC638, 0xC638, 0xC618, 0xD69A, 0xD69A, 0x0000, 0x0000, 0x0000, 0x0000, 0x0000, 0x0000, 0x0000, 0x0000, 0x0000, 0x0000,
 0x0000, 0x0000, 0x0000, 0x0000, 0x0000, 0x0000, 0x0000, 0x0000, 0x0000, 0x0000, 0x0000, 0x0000, 0x0000, 0x0000, 0xBC4D, 0xA3CB,
 0xAC0C, 0xC4F0, 0xAC2F, 0x20CA, 0x0003, 0x0005, 0x0004, 0x0002, 0x62EE, 0xDEDA, 0xC638, 0x39EA, 0x0004, 0x08E7, 0x19A9, 0x0066,
 0x530D, 0x6B31, 0x0843, 0x8411, 0x8C75, 0x0005, 0x0004, 0x0005, 0x0005, 0x0004, 0x20E6, 0xCE59, 0xCE79, 0xC638, 0xCE59, 0xCE59,
 0xC618, 0xC618, 0xC618, 0xCE59, 0xD69A, 0xEF7D, 0x0000, 0x0000, 0x0000, 0x0000, 0x0000, 0x0000, 0x0000, 0x0000, 0x0000, 0x0000,
 0x0000, 0x0000, 0x0000, 0x0000, 0x0000, 0x0000, 0x0000, 0x0000, 0x0000, 0x0000, 0x0000, 0x0000, 0x0000, 0xE6B9, 0xC4AF, 0xA3EC,
 0xC532, 0xE5F3, 0x6B13, 0x084C, 0x0003, 0x0004, 0x0003, 0x0002, 0x62EE, 0xEF7D, 0x7BD0, 0x10A5, 0x08A5, 0x094A, 0x09CC, 0x00C7,
 0x634E, 0x6B72, 0x0006, 0x0823, 0x736F, 0x212B, 0x0004, 0x0004, 0x0005, 0x0004, 0x20E6, 0xCE59, 0xD6BA, 0xCE79, 0xCE79, 0xCE79,
 0xC618, 0xC618, 0xC618, 0xDEDB, 0xD69A, 0xFFDF, 0x0000, 0x0000, 0x0000, 0x0000, 0x0000, 0x0000, 0x0000, 0x0000, 0x0000, 0x0000,
 0x0000, 0x0000, 0x0000, 0x0000, 0x0000, 0x0000, 0x0000, 0x0000, 0x0000, 0x0000, 0x0000, 0x0000, 0x0000, 0xDE57, 0xD593, 0xC531,
 0xD5B3, 0xAC31, 0x20EC, 0x084A, 0x0003, 0x0003, 0x0004, 0x0864, 0x6B2F, 0xCE58, 0x2948, 0x5AED, 0x11AB, 0x09CC, 0x120D, 0x00A6,
 0x5B2E, 0x6331, 0x0006, 0x0002, 0x39A9, 0xC619, 0x2129, 0x0024, 0x0003, 0x0002, 0x1086, 0xCE59, 0xC638, 0xBDF8, 0xC618, 0xBDF8,
 0xC638, 0xCE59, 0xD6BA, 0xD6BA, 0xFFDF, 0x0000, 0x0000, 0x0000, 0x0000, 0x0000, 0x0000, 0x0000, 0x0000, 0x0000, 0x0000, 0x0000,
 0x0000, 0x0000, 0x0000, 0x0000, 0x0000, 0x0000, 0x0000, 0x0000, 0x0000, 0x0000, 0x0000, 0x0000, 0x0000, 0xDE16, 0xDE16, 0xD5D4,
 0xD594, 0x49CF, 0x0007, 0x0827, 0x0003, 0x0002, 0x0847, 0x62F2, 0x7BB4, 0xAD35, 0x41E9, 0x3A4B, 0x0129, 0x09AB, 0x0948, 0x0086,
 0x10AB, 0x0867, 0x0004, 0x0002, 0x2928, 0xD6BA, 0xD69A, 0x5AAD, 0x39C9, 0x31A9, 0x5AAD, 0xE71B, 0x738F, 0x8C52, 0x83F1, 0x7BD0,
 0xE73C, 0xE71B, 0xCE79, 0xF7BE, 0x0000, 0x0000, 0x0000, 0x0000, 0x0000, 0x0000, 0x0000, 0x0000, 0x0000, 0x0000, 0x0000, 0x0000,
 0x0000, 0x0000, 0x0000, 0x0000, 0x0000, 0x0000, 0x0000, 0x0000, 0x0000, 0x0000, 0x0000, 0x0000, 0x0000, 0xD5F5, 0xDE36, 0xDE16,
 0xD5D5, 0x4310, 0x52EF, 0x1088, 0x0004, 0x4A6C, 0x18CE, 0x000A, 0x6B50, 0xBDD7, 0x2127, 0x1126, 0x00A6, 0x00C6, 0x0085, 0x084A,
 0x0007, 0x0002, 0x2948, 0x318A, 0x0003, 0x39CC, 0x52AC, 0x6B4F, 0xB599, 0xAD57, 0x6330, 0x6310, 0x6330, 0x5AEF, 0x5AEE, 0x6310,
 0x6310, 0x9495, 0xFFDE, 0x0000, 0x0000, 0x0000, 0x0000, 0x0000, 0x0000, 0x0000, 0x0000, 0x0000, 0x0000, 0x0000, 0x0000, 0x0000,
 0x0000, 0x0000, 0x0000, 0x0000, 0x0000, 0x0000, 0x0000, 0x0000, 0x0000, 0x0000, 0x0000, 0x0000, 0x0000, 0xD5D5, 0xDE16, 0xDE16,
 0xD5B3, 0x8C52, 0x4230, 0x0868, 0x18A5, 0x318D, 0x108B, 0x0024, 0x73B1, 0x9CF5, 0x0004, 0x0044, 0x0085, 0x0068, 0x0008, 0x0004,
 0x18C6, 0x2927, 0x6B6E, 0x18E6, 0x0005, 0x0006, 0x0003, 0x7BF3, 0x9CD9, 0x6331, 0x0006, 0x0008, 0x0006, 0x39CA, 0x2969, 0x0005,
 0x0008, 0x10AA, 0xBDD9, 0x0000, 0x0000, 0x0000, 0x0000, 0x0000, 0x0000, 0x0000, 0x0000, 0x0000, 0x0000, 0x0000, 0x0000, 0x0000,
 0x0000, 0x0000, 0x0000, 0x0000, 0x0000, 0x0000, 0x0000, 0x0000, 0x0000, 0x0000, 0x0000, 0x0000, 0x0000, 0xD5D5, 0xDDF5, 0xDDF5,
 0xC573, 0x8453, 0x318C, 0x5ACD, 0x4A2F, 0x0008, 0x0004, 0x39CE, 0xEF7D, 0x5ACD, 0x0005, 0x0027, 0x0028, 0x0006, 0x1087, 0x5AED,
 0xC638, 0xCE79, 0x18C6, 0x0003, 0x0027, 0x00A7, 0x0003, 0x8452, 0x9CD6, 0x0008, 0x0028, 0x0028, 0x0006, 0x630F, 0x62EE, 0x31AC,
 0x0028, 0x0849, 0xA537, 0x0000, 0x0000, 0x0000, 0x0000, 0x0000, 0x0000, 0x0000, 0x0000, 0x0000, 0x0000, 0x0000, 0x0000, 0x0000,
 0x0000, 0x0000, 0x0000, 0x0000, 0x0000, 0x0000, 0x0000, 0x0000, 0x0000, 0x0000, 0x0000, 0x0000, 0x0000, 0xD5D5, 0xDDF5, 0xD5D4,
 0xCD94, 0x08C7, 0x0824, 0x420E, 0x084B, 0x0005, 0x0026, 0x210C, 0xA515, 0xC639, 0x0004, 0x0003, 0x0004, 0x1084, 0xA514, 0xF79D,
 0xE71B, 0x738F, 0x0002, 0x0005, 0x094A, 0x0928, 0x0003, 0x73D0, 0x5AAE, 0x4A6E, 0x082A, 0x18AC, 0x20EC, 0x318A, 0x8C52, 0x5290,
 0x084B, 0x106C, 0x39CE, 0xEF5D, 0x0000, 0x0000, 0x0000, 0x0000, 0x0000, 0x0000, 0x0000, 0x0000, 0x0000, 0x0000, 0x0000, 0x0000,
 0x0000, 0x0000, 0x0000, 0x0000, 0x0000, 0x0000, 0x0000, 0x0000, 0x0000, 0x0000, 0x0000, 0x0000, 0x0000, 0xD5F5, 0xDDF5, 0xDDF5,
 0xC532, 0x0003, 0x5B30, 0x296F, 0x0004, 0x0005, 0x7394, 0xC638, 0xBDD7, 0xDEFB, 0x7BD1, 0x3188, 0x1084, 0x7BD0, 0xE71C, 0xAD55,
 0x8C52, 0x10A4, 0x18C8, 0x0888, 0x0948, 0x00A7, 0x0044, 0x94B4, 0x7BF2, 0x9CD4, 0x0005, 0x316A, 0x9CD5, 0x8C52, 0x9493, 0x0827,
 0x0827, 0x0848, 0x31AD, 0xE73D, 0x0000, 0x0000, 0x0000, 0x0000, 0x0000, 0x0000, 0x0000, 0x0000, 0x0000, 0x0000, 0x0000, 0x0000,
 0x0000, 0x0000, 0x0000, 0x0000, 0x0000, 0x0000, 0x0000, 0x0000, 0x0000, 0x0000, 0x0000, 0x0000, 0x0000, 0xD5D5, 0xDE16, 0xDDD5,
 0xB44D, 0x420A, 0x0A50, 0x0046, 0x0087, 0x214F, 0xB578, 0xDEFA, 0xCE79, 0xD69A, 0xDEDB, 0xE71C, 0xA4F4, 0xA535, 0xDEFB, 0x7BD0,
 0x18A5, 0x8C51, 0xB579, 0x004A, 0x00C7, 0x430F, 0x94F5, 0xEF5C, 0xAD55, 0x3188, 0x8411, 0x41EA, 0x0003, 0x0005, 0x0006, 0x73B2,
 0x7BF4, 0xA557, 0x0000, 0x0000, 0x0000, 0x0000, 0x0000, 0x0000, 0x0000, 0x0000, 0x0000, 0x0000, 0x0000, 0x0000, 0x0000, 0x0000,
 0x0000, 0x0000, 0x0000, 0x0000, 0x0000, 0x0000, 0x0000, 0x0000, 0x0000, 0x0000, 0x0000, 0x0000, 0x0000, 0xD5D5, 0xD5D5, 0xBC8F,
 0xC4D0, 0xC531, 0x6B4D, 0x1949, 0x01AD, 0x424C, 0xDEDA, 0xCE79, 0xCE59, 0xD69A, 0xD6BA, 0xCE59, 0xD6BA, 0xEF7D, 0xA4F4, 0x39A9,
 0x9CB4, 0x8415, 0x4A33, 0x2950, 0x8495, 0xBE18, 0xB596, 0x3189, 0x2128, 0x20E7, 0x528D, 0x420C, 0x296A, 0xBDD9, 0xC63A, 0x0000,
 0x0000, 0x0000, 0x0000, 0x0000, 0x0000, 0x0000, 0x0000, 0x0000, 0x0000, 0x0000, 0x0000, 0x0000, 0x0000, 0x0000, 0x0000, 0x0000,
 0x0000, 0x0000, 0x0000, 0x0000, 0x0000, 0x0000, 0x0000, 0x0000, 0x0000, 0xCDB4, 0xBC8E, 0xB44D, 0xB48E, 0xD5F5, 0xBCAF, 0xBC8F,
 0xD5D5, 0xB44D, 0xABEB, 0x398A, 0x29EB, 0xB596, 0xD6BA, 0xD699, 0xCE79, 0xD69A, 0xCE79, 0xD69A, 0xBDF8, 0x9493, 0xDEFB, 0x7391,
 0x73B2, 0x39AF, 0x210D, 0x39CC, 0x0845, 0x1065, 0x0025, 0x0006, 0x420D, 0x52AF, 0x6B50, 0xF79E, 0xF7BF, 0x0000, 0x0000, 0x0000,
 0x0000, 0x0000, 0x0000, 0x0000, 0x0000, 0x0000, 0x0000, 0x0000, 0x0000, 0x0000, 0x0000, 0x0000, 0x0000, 0x0000, 0x0000, 0x0000,
 0x0000, 0x0000, 0x0000, 0x0000, 0x0000, 0x0000, 0x0000, 0xE6DA, 0xD593, 0xB46D, 0xB44D, 0xB42D, 0xB46E, 0xC511, 0xC511, 0xDE16,
 0xCD32, 0xBCAF, 0xC532, 0x730A, 0xBDB6, 0xDEFB, 0x8C52, 0xAD56, 0xD69A, 0xCE59, 0xCE79, 0xCE59, 0x2968, 0x0002, 0x528C, 0x736F,
 0xAD76, 0x7BD2, 0x73B0, 0x83F1, 0x5AEE, 0x0003, 0x8413, 0x9CF6, 0xFFDF, 0x0000, 0x0000, 0x0000, 0x0000, 0x0000, 0x0000, 0x0000,
 0x0000, 0x0000, 0x0000, 0x0000, 0x0000, 0x0000, 0x0000, 0x0000, 0x0000, 0x0000, 0x0000, 0x0000, 0x0000, 0x0000, 0x0000, 0x0000,
 0x0000, 0x0000, 0x0000, 0x0000, 0x0000, 0x0000, 0xF79D, 0xB46E, 0xBC8E, 0xAC2D, 0xAC2D, 0xAC2D, 0xA3CB, 0xBCD0, 0xDE16, 0xD5D5,
 0xCD52, 0xD5D4, 0xC5B5, 0x62AB, 0xCE59, 0xD6BA, 0xB596, 0xC618, 0xCE59, 0xC638, 0xE71B, 0x4A4B, 0x0001, 0x0004, 0x0003, 0x0003,
 0x2108, 0x3189, 0x3169, 0x318A, 0x73B1, 0xDEDB, 0x0000, 0x0000, 0x0000, 0x0000, 0x0000, 0x0000, 0x0000, 0x0000, 0x0000, 0x0000,
 0x0000, 0x0000, 0x0000, 0x0000, 0x0000, 0x0000, 0x0000, 0x0000, 0x0000, 0x0000, 0x0000, 0x0000, 0x0000, 0x0000, 0x0000, 0x0000,
 0x0000, 0x0000, 0x0000, 0x0000, 0x0000, 0x0000, 0xD616, 0xBC6D, 0xAC2D, 0xAC2D, 0xAC2D, 0xB42C, 0xBCAF, 0xD5F5, 0xD5F5, 0xD594,
 0xD5D5, 0xC532, 0xB532, 0x094A, 0x3A4C, 0xC638, 0xD69A, 0xCE59, 0xCE79, 0xDEFB, 0xB5B6, 0x18A5, 0x0004, 0x0005, 0x0004, 0x0004,
 0x0004, 0x0004, 0x10A6, 0x73B0, 0xF7BE, 0x0000, 0x0000, 0x0000, 0x0000, 0x0000, 0x0000, 0x0000, 0x0000, 0x0000, 0x0000, 0x0000,
 0x0000, 0x0000, 0x0000, 0x0000, 0x0000, 0x0000, 0x0000, 0x0000, 0x0000, 0x0000, 0x0000, 0x0000, 0x0000, 0x0000, 0x0000, 0x0000,
 0x0000, 0x0000, 0x0000, 0x0000, 0x0000, 0xDE57, 0xBC6E, 0xB44D, 0xAC2C, 0xB44D, 0xC4F0, 0xC511, 0xD5B4, 0xD5F5, 0xD5B4, 0xDE16,
 0xD593, 0x93AC, 0x39C8, 0x524D, 0x18C6, 0xA535, 0xDEDA, 0xCE79, 0xC618, 0xB597, 0x18C6, 0x0003, 0x0004, 0x0004, 0x0004, 0x0005,
 0x0005, 0x1066, 0xC619, 0x0000, 0x0000, 0x0000, 0x0000, 0x0000, 0x0000, 0x0000, 0x0000, 0x0000, 0x0000, 0x0000, 0x0000, 0x0000,
 0x0000, 0x0000, 0x0000, 0x0000, 0x0000, 0x0000, 0x0000, 0x0000, 0x0000, 0x0000, 0x0000, 0x0000, 0x0000, 0x0000, 0x0000, 0x0000,
 0x0000, 0x0000, 0x0000, 0x0000, 0xBCAF, 0xB46D, 0xB44D, 0xAC2C, 0xBC6E, 0xC4F0, 0xCD73, 0xD594, 0xD5B5, 0xD5B4, 0xD5B4, 0xD593,
 0xC46D, 0x6ACA, 0x222D, 0x41EA, 0x5A8E, 0xAD76, 0xBDD7, 0x8432, 0x0865, 0x0868, 0x0008, 0x0028, 0x18E9, 0x210A, 0x296C, 0x0008,
 0x18EA, 0xB5B7, 0x0000, 0x0000, 0x0000, 0x0000, 0x0000, 0x0000, 0x0000, 0x0000, 0x0000, 0x0000, 0x0000, 0x0000, 0x0000, 0x0000,
 0x0000, 0x0000, 0x0000, 0x0000, 0x0000, 0x0000, 0x0000, 0x0000, 0x0000, 0x0000, 0x0000, 0x0000, 0x0000, 0x0000, 0x0000, 0x0000,
 0x0000, 0x0000, 0x0000, 0x0000, 0xD5F5, 0xB46D, 0xAC2C, 0xBC8F, 0xCD52, 0xD593, 0xD594, 0xD5D5, 0xD5D5, 0xD5D5, 0xDDF5, 0x8B4A,
 0x428C, 0x098B, 0x09AB, 0x0A4F, 0x42F0, 0x41E9, 0x7BF0, 0x39AB, 0x0003, 0x0007, 0x0029, 0x0006, 0x5ACD, 0xA4F5, 0x8414, 0x31AE,
 0x52B0, 0x0000, 0x0000, 0x0000, 0x0000, 0x0000, 0x0000, 0x0000, 0x0000, 0x0000, 0x0000, 0x0000, 0x0000, 0x0000, 0x0000, 0x0000,
 0x0000, 0x0000, 0x0000, 0x0000, 0x0000, 0x0000, 0x0000, 0x0000, 0x0000, 0x0000, 0x0000, 0x0000, 0x0000, 0x0000, 0x0000, 0x0000,
 0x0000, 0x0000, 0x0000, 0x0000, 0xDE16, 0xB44D, 0xBC8E, 0xCD52, 0xCD73, 0xD5D5, 0xD5D5, 0xCD93, 0xD5B4, 0xD5B4, 0xB46E, 0x4A4A,
 0x01CE, 0x43F5, 0x320A, 0x1949, 0x3A2A, 0x0045, 0x6350, 0x31AC, 0x0003, 0x0868, 0x0869, 0x39CD, 0xBDD7, 0xC618, 0x18E9, 0x294B,
 0xD69B, 0x0000, 0x0000, 0x0000, 0x0000, 0x0000, 0x0000, 0x0000, 0x0000, 0x0000, 0x0000, 0x0000, 0x0000, 0x0000, 0x0000, 0x0000,
 0x0000, 0x0000, 0x0000, 0x0000, 0x0000, 0x0000, 0x0000, 0x0000, 0x0000, 0x0000, 0x0000, 0x0000, 0x0000, 0x0000, 0x0000, 0x0000,
 0x0000, 0x0000, 0x0000, 0xE657, 0xCD52, 0xB42D, 0xCD31, 0xCD73, 0xD5B4, 0xDDF5, 0xD594, 0xCD52, 0xCD73, 0xB44D, 0x8B6B, 0x0928,
 0x1B74, 0x2B53, 0x51C7, 0x7B8D, 0x21EB, 0x21AA, 0x39AE, 0x0006, 0x296B, 0xA514, 0x9493, 0xD6BA, 0xDEDA, 0x8411, 0x0004, 0x0027,
 0xF7BF, 0x0000, 0x0000, 0x0000, 0x0000, 0x0000, 0x0000, 0x0000, 0x0000, 0x0000, 0x0000, 0x0000, 0x0000, 0x0000, 0x0000, 0x0000,
 0x0000, 0x0000, 0x0000, 0x0000, 0x0000, 0x0000, 0x0000, 0x0000, 0x0000, 0x0000, 0x0000, 0x0000, 0x0000, 0x0000, 0x0000, 0x0000,
 0x0000, 0x0000, 0x0000, 0xD592, 0xAC0C, 0xBCAF, 0xCD52, 0xCD93, 0xD5F5, 0xD5F5, 0xD5B4, 0xDE16, 0xB48F, 0x9B8A, 0x5B0D, 0x2A4C,
 0x22F0, 0x7B8E, 0xAC2D, 0xBCD0, 0x31A8, 0x3A4C, 0xC619, 0x31AA, 0xA515, 0xDEFB, 0xDEFB, 0xCE58, 0x8C72, 0x0846, 0x4A4C, 0xBDD9,
 0xFFDF, 0x0000, 0x0000, 0x0000, 0x0000, 0x0000, 0x0000, 0x0000, 0x0000, 0x0000, 0x0000, 0x0000, 0x0000, 0x0000, 0x0000, 0x0000,
 0x0000, 0x0000, 0x0000, 0x0000, 0x0000, 0x0000, 0x0000, 0x0000, 0x0000, 0x0000, 0x0000, 0x0000, 0x0000, 0x0000, 0x0000, 0x0000,
 0x0000, 0x0000, 0x0000, 0xB46D, 0xB42D, 0xC4F0, 0xCD73, 0xD594, 0xD5F5, 0xDE16, 0xC511, 0xCDD5, 0xC5F7, 0xABEB, 0x5494, 0x5390,
 0xAC4E, 0xDD93, 0xD5B4, 0xCD10, 0xABEB, 0x18C8, 0x18C8, 0x0004, 0x2968, 0xB5B6, 0xA515, 0x31AC, 0x10A9, 0x52B0, 0xF79E, 0x0000,
 0x0000, 0x0000, 0x0000, 0x0000, 0x0000, 0x0000, 0x0000, 0x0000, 0x0000, 0x0000, 0x0000, 0x0000, 0x0000, 0x0000, 0x0000, 0x0000,
 0x0000, 0x0000, 0x0000, 0x0000, 0x0000, 0x0000, 0x0000, 0x0000, 0x0000, 0x0000, 0x0000, 0x0000, 0x0000, 0x0000, 0x0000, 0x0000,
 0x0000, 0x0000, 0xB46D, 0xB42D, 0xB42D, 0xC4D0, 0xCD73, 0xD5B4, 0xD5F5, 0xDE57, 0xC511, 0xA40D, 0xBDD6, 0xAC0C, 0xA533, 0xBCF1,
 0xD572, 0xDE16, 0xD593, 0xCD31, 0x8BCF, 0x0825, 0x0005, 0x630D, 0xAD75, 0x6B50, 0x0006, 0x6B52, 0xBDFA, 0x0000, 0x0000, 0x0000,
 0x0000, 0x0000, 0x0000, 0x0000, 0x0000, 0x0000, 0x0000, 0x0000, 0x0000, 0x0000, 0x0000, 0x0000, 0x0000, 0x0000, 0x0000, 0x0000,
 0x0000, 0x0000, 0x0000, 0x0000, 0x0000, 0x0000, 0x0000, 0x0000, 0x0000, 0x0000, 0x0000, 0x0000, 0x0000, 0x0000, 0x0000, 0x0000,
 0x0000, 0xBC6E, 0xB46D, 0xAC2D, 0xB42D, 0xC4F0, 0xCD93, 0xD5D4, 0xD5F5, 0xDE57, 0xDE16, 0x9349, 0xACD1, 0xB46E, 0xDDB4, 0xDDD5,
 0xD5F5, 0xEE56, 0xB490, 0x398B, 0x0028, 0x0005, 0x5ACE, 0x9D15, 0x39CB, 0x0000, 0x0000, 0x0000, 0x0000, 0x0000, 0x0000, 0x0000,
 0x0000, 0x0000, 0x0000, 0x0000, 0x0000, 0x0000, 0x0000, 0x0000, 0x0000, 0x0000, 0x0000, 0x0000, 0x0000, 0x0000, 0x0000, 0x0000,
 0x0000, 0x0000, 0x0000, 0x0000, 0x0000, 0x0000, 0x0000, 0x0000, 0x0000, 0x0000, 0x0000, 0x0000, 0x0000, 0x0000, 0x0000, 0x0000,
 0xBC8E, 0xBCF0, 0xB46D, 0xB44D, 0xB42D, 0xC4F0, 0xD5B4, 0xD5D5, 0xDDF5, 0xDE37, 0xDE57, 0xAC2D, 0x9349, 0x9B8A, 0xCD52, 0xDE16,
 0xCD94, 0x838F, 0x290A, 0x0028, 0x4A6D, 0x7BD1, 0x9451, 0x4187, 0x6A8B, 0xC4AD, 0xCD31, 0x0000, 0x0000, 0x0000, 0x0000, 0x0000,
 0x0000, 0x0000, 0x0000, 0x0000, 0x0000, 0x0000, 0x0000, 0x0000, 0x0000, 0x0000, 0x0000, 0x0000, 0x0000, 0x0000, 0x0000, 0x0000,
 0x0000, 0x0000, 0x0000, 0x0000, 0x0000, 0x0000, 0x0000, 0x0000, 0x0000, 0x0000, 0x0000, 0x0000, 0x0000, 0x0000, 0x0000, 0x0000,
 0x0000, 0x0000, 0x0000, 0xC4F0, 0xBC6D, 0xC4D0, 0xD5B4, 0xD5F5, 0xD5F6, 0xDDF5, 0xDE57, 0xDE37, 0xAC2D, 0x9BAB, 0xC532, 0xCD93,
 0xAC4D, 0x6A6A, 0x6A8B, 0x9CF5, 0xDEDA, 0xBD32, 0xBCAF, 0xC4CF, 0xBC8D, 0xBC8E, 0x0000, 0x0000, 0x0000, 0x0000, 0x0000, 0x0000,
 0x0000, 0x0000, 0x0000, 0x0000, 0x0000, 0x0000, 0x0000, 0x0000, 0x0000, 0x0000, 0x0000, 0x0000, 0x0000, 0x0000, 0x0000, 0x0000,
 0x0000, 0x0000, 0x0000, 0x0000, 0x0000, 0x0000, 0x0000, 0x0000, 0x0000, 0x0000, 0x0000, 0x0000, 0x0000, 0x0000, 0x0000, 0x0000,
 0x0000, 0x0000, 0x0000, 0x0000, 0xC4AE, 0xB44D, 0xCD52, 0xD5F5, 0xD5F5, 0xD5F5, 0xDDF6, 0xDE37, 0xDE16, 0xDE36, 0xBCAF, 0x9B8A,
 0x9B6A, 0xA3AA, 0xBCF1, 0xC594, 0xAC2D, 0xBCD0, 0xCD93, 0xC511, 0xB44D, 0xC4AE, 0x0000, 0x0000, 0x0000, 0x0000, 0x0000, 0x0000,
 0x0000, 0x0000, 0x0000, 0x0000, 0x0000, 0x0000, 0x0000, 0x0000, 0x0000, 0x0000, 0x0000, 0x0000, 0x0000, 0x0000, 0x0000, 0x0000,
 0x0000, 0x0000, 0x0000, 0x0000, 0x0000, 0x0000, 0x0000, 0x0000, 0x0000, 0x0000, 0x0000, 0x0000, 0x0000, 0x0000, 0x0000, 0x0000,
 0x0000, 0x0000, 0x0000, 0x0000, 0xBCAF, 0xB44D, 0xBCAF, 0xC4F0, 0xCD52, 0xD594, 0xD5D4, 0xD5D5, 0xDDF6, 0xDE37, 0xC552, 0xBCD0,
 0xBCF1, 0xBCF1, 0xBCD0, 0xBCD0, 0xD5B4, 0xDE37, 0xD5F5, 0xBC8E, 0xB44D, 0xC48E, 0x0000, 0x0000, 0x0000, 0x0000, 0x0000, 0x0000,
 0x0000, 0x0000, 0x0000, 0x0000, 0x0000, 0x0000, 0x0000, 0x0000, 0x0000, 0x0000, 0x0000, 0x0000, 0x0000, 0x0000, 0x0000, 0x0000,
 0x0000, 0x0000, 0x0000, 0x0000, 0x0000, 0x0000, 0x0000, 0x0000, 0x0000, 0x0000, 0x0000, 0x0000, 0x0000, 0x0000, 0x0000, 0x0000,
 0x0000, 0x0000, 0x0000, 0x0000, 0x0000, 0xC4AE, 0xBC6D, 0xB42C, 0xB46E, 0xB46E, 0xC511, 0xCD93, 0xD594, 0xD5D5, 0xDE16, 0xDE36,
 0xDE37, 0xDE37, 0xDE36, 0xDDF5, 0xDE16, 0xDE16, 0xD5B4, 0xBC6E, 0xB42D, 0xB44D, 0xBCAF, 0x0000, 0x0000, 0x0000, 0x0000, 0x0000,
 0x0000, 0x0000, 0x0000, 0x0000, 0x0000, 0x0000, 0x0000, 0x0000, 0x0000, 0x0000, 0x0000, 0x0000, 0x0000, 0x0000, 0x0000, 0x0000,
 0x0000, 0x0000, 0x0000, 0x0000, 0x0000, 0x0000, 0x0000, 0x0000, 0x0000, 0x0000, 0x0000, 0x0000, 0x0000, 0x0000, 0x0000, 0x0000,
 0x0000, 0x0000, 0x0000, 0x0000, 0x0000, 0xCDB4, 0xC532, 0xBC8E, 0xAC2D, 0xAC2C, 0xB44D, 0xBC8E, 0xCD73, 0xD5B4, 0xD5B4, 0xD5D5,
 0xD5F5, 0xD5F5, 0xD5F5, 0xD5B4, 0xCD73, 0xCD52, 0xBCAF, 0xB42D, 0xAC2D, 0xB46D, 0xC4CF, 0x0000, 0x0000, 0x0000, 0x0000, 0x0000,
 0x0000, 0x0000, 0x0000, 0x0000, 0x0000, 0x0000, 0x0000, 0x0000, 0x0000, 0x0000, 0x0000, 0x0000, 0x0000, 0x0000, 0x0000, 0x0000,
 0x0000, 0x0000, 0x0000, 0x0000, 0x0000, 0x0000, 0x0000, 0x0000, 0x0000, 0x0000, 0x0000, 0x0000, 0x0000, 0x0000, 0x0000, 0x0000,
 0x0000, 0x0000, 0x0000, 0x0000, 0x0000, 0x0000, 0x0000, 0x0000, 0xB4AF, 0xB44D, 0xAC2D, 0xAC2C, 0xCD52, 0xD5D5, 0xD5D5, 0xD5B4,
 0xD5D5, 0xDE16, 0xDDF5, 0xCD52, 0xB44D, 0xB42C, 0xB44D, 0xB42D, 0xB44D, 0x0000, 0x0000, 0x0000, 0x0000, 0x0000, 0x0000, 0x0000,
 0x0000, 0x0000, 0x0000, 0x0000, 0x0000, 0x0000, 0x0000, 0x0000, 0x0000, 0x0000, 0x0000, 0x0000, 0x0000, 0x0000, 0x0000, 0x0000,
 0x0000, 0x0000, 0x0000, 0x0000, 0x0000, 0x0000, 0x0000, 0x0000, 0x0000, 0x0000, 0x0000, 0x0000, 0x0000, 0x0000, 0x0000, 0x0000,
 0x0000, 0x0000, 0x0000, 0x0000, 0x0000, 0x0000, 0x0000, 0x0000, 0xBCCF, 0xCD94, 0x0000, 0xB44D, 0xC511, 0xDDF5, 0xD5F5, 0xD5B4,
 0xD593, 0xCD73, 0xCD32, 0xBCAE, 0xBC8D, 0xBC6E, 0xAC2D, 0xAC2D, 0xB46D, 0xC552, 0x0000, 0x0000, 0x0000, 0x0000, 0x0000, 0x0000,
 0x0000, 0x0000, 0x0000, 0x0000, 0x0000, 0x0000, 0x0000, 0x0000, 0x0000, 0x0000, 0x0000, 0x0000, 0x0000, 0x0000, 0x0000, 0x0000,
 0x0000, 0x0000, 0x0000, 0x0000, 0x0000, 0x0000, 0x0000, 0x0000, 0x0000, 0x0000, 0x0000, 0x0000, 0x0000, 0x0000, 0x0000, 0x0000,
 0x0000, 0x0000, 0x0000, 0x0000, 0x0000, 0x0000, 0x0000, 0x0000, 0xBC8E, 0x0000, 0x0000, 0xC531, 0xBC8E, 0xC531, 0xD5B4, 0xCD52,
 0xC4CF, 0xB44D, 0xAC2D, 0x0000, 0xD616, 0xCD93, 0xBC6E, 0xB44D, 0xB44D, 0xBC8E, 0xEF1B, 0x0000, 0x0000, 0x0000, 0x0000, 0x0000,
 0x0000, 0x0000, 0x0000, 0x0000, 0x0000, 0x0000, 0x0000, 0x0000, 0x0000, 0x0000, 0x0000, 0x0000, 0x0000, 0x0000, 0x0000, 0x0000,
 0x0000, 0x0000, 0x0000, 0x0000, 0x0000, 0x0000, 0x0000, 0x0000, 0x0000, 0x0000, 0x0000, 0x0000, 0x0000, 0x0000, 0x0000, 0x0000,
 0x0000, 0x0000, 0x0000, 0x0000, 0x0000, 0x0000, 0x0000, 0x0000, 0x0000, 0x0000, 0x0000, 0x0000, 0xBCD0, 0xB46D, 0xBC8E, 0xBC6E,
 0xB42D, 0xB44D, 0xAC4D, 0x0000, 0x0000, 0x0000, 0x0000, 0xBCF0, 0xB44D, 0xCD73, 0xCDB4, 0x0000, 0x0000, 0x0000, 0x0000, 0x0000,
 0x0000, 0x0000, 0x0000, 0x0000, 0x0000, 0x0000, 0x0000, 0x0000, 0x0000, 0x0000, 0x0000, 0x0000, 0x0000, 0x0000, 0x0000, 0x0000,
 0x0000, 0x0000, 0x0000, 0x0000, 0x0000, 0x0000, 0x0000, 0x0000, 0x0000, 0x0000, 0x0000, 0x0000, 0x0000, 0x0000, 0x0000, 0x0000,
 0x0000, 0x0000, 0x0000, 0x0000, 0x0000, 0x0000, 0x0000, 0x0000, 0x0000, 0x0000, 0x0000, 0x0000, 0x0000, 0xB46D, 0xB46D, 0xBC4D,
 0xB44D, 0xB44D, 0xAC4D, 0x0000, 0x0000, 0x0000, 0x0000, 0x0000, 0x0000, 0x0000, 0x0000, 0x0000, 0x0000, 0x0000, 0x0000, 0x0000,
 0x0000, 0x0000, 0x0000, 0x0000, 0x0000, 0x0000, 0x0000, 0x0000, 0x0000, 0x0000, 0x0000, 0x0000, 0x0000, 0x0000, 0x0000, 0x0000,
 0x0000, 0x0000, 0x0000, 0x0000, 0x0000, 0x0000, 0x0000, 0x0000, 0x0000, 0x0000, 0x0000, 0x0000, 0x0000, 0x0000, 0x0000, 0x0000,
 0x0000, 0x0000, 0x0000, 0x0000, 0x0000, 0x0000, 0x0000, 0x0000, 0x0000, 0x0000, 0x0000, 0x0000, 0x0000, 0xB42D, 0xCD94, 0xBC8E,
 0xBC6E, 0xB44D, 0xB44D, 0x0000, 0x0000, 0x0000, 0x0000, 0x0000, 0x0000, 0x0000, 0x0000, 0x0000, 0x0000, 0x0000, 0x0000, 0x0000,
 0x0000, 0x0000, 0x0000, 0x0000, 0x0000, 0x0000, 0x0000, 0x0000, 0x0000, 0x0000, 0x0000, 0x0000, 0x0000, 0x0000, 0x0000, 0x0000,
 0x0000, 0x0000, 0x0000, 0x0000, 0x0000, 0x0000, 0x0000, 0x0000, 0x0000, 0x0000, 0x0000, 0x0000, 0x0000, 0x0000, 0x0000, 0x0000,
 0x0000, 0x0000, 0x0000, 0x0000, 0x0000, 0x0000, 0x0000, 0x0000, 0x0000, 0x0000, 0x0000, 0x0000, 0x0000, 0xB48E, 0x0000, 0x0000,
 0xBC6E, 0xB46D, 0xAC4D, 0x0000, 0x0000, 0x0000, 0x0000, 0x0000, 0x0000, 0x0000, 0x0000, 0x0000, 0x0000, 0x0000, 0x0000, 0x0000,
 0x0000, 0x0000, 0x0000, 0x0000, 0x0000, 0x0000, 0x0000, 0x0000, 0x0000, 0x0000, 0x0000, 0x0000, 0x0000, 0x0000, 0x0000, 0x0000,
 0x0000, 0x0000, 0x0000, 0x0000, 0x0000, 0x0000, 0x0000, 0x0000, 0x0000, 0x0000, 0x0000, 0x0000, 0x0000, 0x0000, 0x0000, 0x0000,
 0x0000, 0x0000, 0x0000, 0x0000, 0x0000, 0x0000, 0x0000, 0x0000, 0x0000, 0x0000, 0x0000, 0x0000, 0x0000, 0x0000, 0x0000, 0x0000,
 0x0000, 0xBC6E, 0xB46D, 0xDE98, 0x0000, 0x0000, 0x0000, 0x0000, 0x0000, 0x0000, 0x0000, 0x0000, 0x0000, 0x0000, 0x0000, 0x0000,
 0x0000, 0x0000, 0x0000, 0x0000, 0x0000, 0x0000, 0x0000, 0x0000, 0x0000, 0x0000, 0x0000, 0x0000, 0x0000, 0x0000, 0x0000, 0x0000,
 0x0000, 0x0000, 0x0000, 0x0000, 0x0000, 0x0000, 0x0000, 0x0000, 0x0000, 0x0000, 0x0000, 0x0000, 0x0000, 0x0000, 0x0000, 0x0000,
 0x0000, 0x0000, 0x0000, 0x0000, 0x0000, 0x0000, 0x0000, 0x0000, 0x0000, 0x0000, 0x0000, 0x0000, 0x0000, 0x0000, 0x0000, 0x0000,
 0x0000, 0x0000, 0xC552, 0xBCCF, 0x0000, 0x0000, 0x0000, 0x0000, 0x0000, 0x0000, 0x0000, 0x0000, 0x0000, 0x0000, 0x0000, 0x0000,
 0x0000, 0x0000, 0x0000, 0x0000, 0x0000, 0x0000, 0x0000, 0x0000, 0x0000, 0x0000, 0x0000, 0x0000, 0x0000, 0x0000, 0x0000, 0x0000,
 0x0000, 0x0000, 0x0000, 0x0000, 0x0000, 0x0000, 0x0000, 0x0000, 0x0000, 0x0000, 0x0000, 0x0000, 0x0000, 0x0000, 0x0000, 0x0000,

};

const unsigned short plasma[] = {
 0x0000, 0x0000, 0x0000, 0x0000, 0x0000, 0x0000, 0x0000, 0x0000, 0xA517, 0x106B, 0x18A7, 0x9CD3, 0x0823, 0x0802, 0x0002, 0x39A8,
 0xEF5D, 0xF79E, 0xDF1C, 0x4BF1, 0x74DA, 0x959B, 0x9DFC, 0xBEBE, 0x6BB1, 0x0823, 0x31A8, 0xD73E, 0xBE9C, 0x3A2A, 0x1084, 0x10A5,
 0x2106, 0x2967, 0xB63C, 0x95BC, 0x855B, 0x851A, 0x42B0, 0x0002, 0x1043, 0xC5F8, 0x8433, 0x0028, 0x108C, 0x0804, 0x0802, 0x0802,
 0x0802, 0x0802, 0x0802, 0x8C52, 0xD69A, 0xD69A, 0x6B4E, 0x0802, 0xB596, 0xD6BA, 0xCE59, 0xC638, 0xC638, 0xCE79, 0xC638, 0xCE59,
 0x0000, 0x0000, 0x0000, 0x0000, 0x0000, 0x0000, 0x0000, 0xDEFC, 0x1088, 0x106B, 0x18A7, 0x9CD3, 0x0823, 0x0802, 0x1043, 0x1064,
 0x1885, 0x42B0, 0x4C91, 0x4C91, 0x851A, 0x95BC, 0x9DFC, 0xB69D, 0x6390, 0x0864, 0x31A8, 0x8C94, 0x1084, 0x9D36, 0x9D36, 0x5B0E,
 0xC6BD, 0xB63C, 0xAE1C, 0xB67D, 0xCE9C, 0xB597, 0x1064, 0x0802, 0x1043, 0xC5F8, 0x8433, 0x084A, 0x0827, 0x0002, 0x0802, 0x0802,
 0x0802, 0x0002, 0x630D, 0xCE79, 0xD69A, 0xA514, 0x18A4, 0x1063, 0x39A8, 0xCE79, 0xC638, 0xCE59, 0xD69A, 0xD69A, 0xCE59, 0xC638,
 0x0000, 0x0000, 0x0000, 0x0000, 0x0000, 0x0000, 0x0000, 0xCE7B, 0x0869, 0x106B, 0x18A7, 0x9CD3, 0x0823, 0x1064, 0x8C52, 0x5BB5,
 0x5355, 0x4B55, 0x4430, 0x5492, 0x853B, 0x95DC, 0xAE5D, 0x8494, 0x10A5, 0x18C6, 0x1084, 0x1083, 0x0842, 0x1083, 0x0863, 0x5B2E,
 0x634F, 0x8C94, 0x4A4B, 0xCE9A, 0xCE59, 0x2947, 0x0003, 0x0003, 0x1044, 0xC5F8, 0x8433, 0x106B, 0x0826, 0x0002, 0x0802, 0x0802,
 0x0002, 0x3988, 0xD69A, 0xCE79, 0xCE59, 0xC618, 0xBDD7, 0xBDD7, 0xBDF7, 0xC618, 0xC638, 0xD69A, 0xD69A, 0xD69A, 0xCE59, 0xC638,
 0x0000, 0x0000, 0x0000, 0x0000, 0x0000, 0x0000, 0xF7BF, 0x318D, 0x106B, 0x106B, 0x18A7, 0x9CD3, 0x1043, 0x9473, 0x84B8, 0x5355,
 0x4B55, 0x4B55, 0x4C31, 0x74F9, 0x9DDC, 0xAE5D, 0x959A, 0x10C4, 0x10C5, 0x18C6, 0x1084, 0x1084, 0x0863, 0x0863, 0x1063, 0x10A4,
 0x0863, 0x0824, 0x0002, 0x630D, 0x528C, 0x0003, 0x0003, 0x0003, 0x0844, 0xBDF8, 0x8C34, 0x106C, 0x0825, 0x0802, 0x0802, 0x0802,
 0x0002, 0x39A8, 0xD6BA, 0xD69A, 0xCE79, 0xC638, 0xC638, 0xC638, 0xC638, 0xC618, 0xCE79, 0xDEDB, 0xD6BA, 0xD69A, 0xC638, 0xC638,
 0x0000, 0x0000, 0x0000, 0x0000, 0x0000, 0x0000, 0xE73D, 0x292B, 0x108C, 0x106B, 0x18A7, 0x9493, 0x6B2D, 0xA59A, 0x5376, 0x5355,
 0x5355, 0x5396, 0x5472, 0x7D1A, 0x9DFC, 0xAE5D, 0x9558, 0x18C5, 0x1907, 0x2127, 0x18C6, 0x10A5, 0x10A5, 0x10A5, 0x1084, 0x18C5,
 0x18E6, 0x18A5, 0x18A5, 0x1084, 0x0003, 0x1085, 0x0003, 0x0003, 0x0844, 0xBDF7, 0x8C55, 0x0849, 0x0002, 0x0802, 0x0802, 0x0802,
 0x0002, 0x39A8, 0xD6BA, 0xD69A, 0xD69A, 0xD69A, 0xD6BA, 0xDEDB, 0xCE79, 0xC638, 0xCE79, 0xD69A, 0xD6BA, 0xD69A, 0xC638, 0xEF7D,
 0x0000, 0x0000, 0x0000, 0x0000, 0x0000, 0x0000, 0x5AD0, 0x0829, 0x108C, 0x106B, 0x18A7, 0x9493, 0x630D, 0x9D7A, 0x6438, 0x6438,
 0x5396, 0x63F7, 0x7CDA, 0x9DFC, 0xBE9D, 0xB63B, 0x2947, 0x10A5, 0x2969, 0x2989, 0x2127, 0x18E6, 0x18C6, 0x10A5, 0x1084, 0x7BD0,
 0xD6BA, 0xC618, 0xD6BA, 0x7BAF, 0x0003, 0x8432, 0x0844, 0x0003, 0x18C6, 0xC618, 0x8C54, 0x0827, 0x0002, 0x0802, 0x0802, 0x0802,
 0x0002, 0x39A8, 0xD69A, 0xCE59, 0xD69A, 0xCE59, 0xC638, 0xCE79, 0xCE59, 0xC638, 0xCE79, 0xD6BA, 0xDEDB, 0xD69A, 0xC638, 0xF79E,
 0x0000, 0x0000, 0x0000, 0x0000, 0x0000, 0xF79E, 0x5291, 0x0849, 0x108C, 0x106B, 0x18A7, 0x9CB3, 0x296A, 0x6438, 0x6C79, 0x6458,
 0x53B5, 0x5BF7, 0x7CFA, 0xA61C, 0xBEBE, 0x4A8C, 0x0863, 0x2107, 0x31CA, 0x2169, 0x2127, 0x18E6, 0x18C5, 0x1084, 0x4229, 0xE73C,
 0xD69A, 0xD6BA, 0xD6BA, 0x7BB0, 0x0824, 0x0005, 0x0004, 0x0003, 0x8431, 0xD6BA, 0x8412, 0x0004, 0x0002, 0x0802, 0x0802, 0x0802,
 0x0002, 0x39A8, 0xD69A, 0xCE59, 0xD69A, 0xCE79, 0xC638, 0xCE59, 0xCE59, 0xC638, 0xCE79, 0xD69A, 0xD69A, 0xCE59, 0xC638, 0xF79E,
 0x0000, 0x0000, 0x0000, 0x0000, 0x0000, 0x8C54, 0x106B, 0x084A, 0x108C, 0x106B, 0x18A7, 0x9CB3, 0x296A, 0x6438, 0x7499, 0x5C35,
 0x4C32, 0x7499, 0x9DDC, 0xCEFE, 0xCF1F, 0x52AD, 0x10A5, 0x2168, 0x2989, 0x2148, 0x2127, 0x18E6, 0x1085, 0x2146, 0x6450, 0xC638,
 0xD69A, 0xD69A, 0x9493, 0x6B2E, 0x528C, 0x0003, 0x0004, 0x0003, 0x1044, 0xB5B6, 0x8412, 0x0004, 0x0002, 0x0802, 0x0802, 0x0802,
 0x0002, 0x39A8, 0xD69A, 0xCE59, 0xD6BA, 0xD69A, 0xCE59, 0xCE59, 0xC638, 0xC638, 0xCE59, 0xD69A, 0xCE59, 0xC618, 0xC618, 0xF79E,
 0x0000, 0x0000, 0x0000, 0x0000, 0xFFDF, 0x73B2, 0x108C, 0x084A, 0x108C, 0x084A, 0x1887, 0x9CB3, 0x296A, 0x6438, 0x6C79, 0x5C56,
 0x5473, 0x74DA, 0x9DDC, 0xCEFE, 0xCF1F, 0x52AD, 0x18E6, 0x31CA, 0x2989, 0x2168, 0x2127, 0x18E6, 0x1906, 0xADB8, 0xB597, 0xBDD7,
 0xCE59, 0xD69A, 0x9CD4, 0x5AAC, 0x4A2C, 0x0003, 0x0004, 0x0004, 0x0844, 0xB596, 0x8412, 0x0004, 0x0003, 0x0802, 0x0802, 0x0802,
 0x0002, 0x39A8, 0xD69A, 0xCE59, 0xD69A, 0xCE79, 0xCE59, 0xCE59, 0xC638, 0xC638, 0xCE59, 0xCE59, 0xC638, 0xC618, 0xC618, 0xF79E,
 0x0000, 0x0000, 0x0000, 0x0000, 0xBDF9, 0x0028, 0x108C, 0x084A, 0x106B, 0x18EB, 0x20E7, 0x9CB3, 0x296A, 0x6418, 0x7499, 0x6477,
 0x5453, 0x74DA, 0x9DFC, 0xCEFE, 0xD73F, 0x52CD, 0x18E6, 0x29AA, 0x29AA, 0x31CA, 0x2169, 0x10C5, 0x6BD2, 0xBE19, 0x18A7, 0x630F,
 0xD699, 0xD69A, 0x9CB3, 0x18A6, 0x0005, 0x0006, 0x0004, 0x0004, 0x0844, 0xB596, 0x8412, 0x0004, 0x0003, 0x0802, 0x0802, 0x0802,
 0x0002, 0x39A8, 0xD69A, 0xCE59, 0xCE59, 0xC618, 0xC618, 0xCE59, 0xC638, 0xC618, 0xC638, 0xCE59, 0xC638, 0xC618, 0xC618, 0xF79E,
 0x0000, 0x0000, 0x0000, 0xFFFF, 0xA517, 0x084A, 0x108C, 0x084A, 0x082A, 0x7BF2, 0x5ACC, 0x9493, 0x2128, 0x4B34, 0x6C58, 0x6C99,
 0x6438, 0x7CFA, 0xAE3D, 0xCEFE, 0xC6BD, 0x426B, 0x10A5, 0x2148, 0x2989, 0x29AA, 0x2989, 0x10C5, 0x4AD0, 0xA557, 0x52AE, 0xC638,
 0xD69A, 0xC618, 0x420B, 0x6330, 0x0006, 0x0006, 0x0006, 0x0005, 0x0844, 0xB596, 0x8411, 0x0003, 0x0003, 0x0802, 0x0802, 0x0802,
 0x0002, 0x39A8, 0xD69A, 0xCE59, 0xC638, 0xC618, 0xC618, 0xCE59, 0xC638, 0xC618, 0xC638, 0xC638, 0xC618, 0xC638, 0xC638, 0xF79E,
 0x0000, 0x0000, 0x0000, 0xE71D, 0x18AB, 0x106B, 0x106B, 0x0849, 0x082A, 0x6330, 0x6B2E, 0x9CD4, 0x0802, 0x320D, 0x6C79, 0x6C59,
 0x6458, 0x8D5B, 0xB69D, 0xD73F, 0x8CB5, 0x18C5, 0x10A5, 0x1907, 0x2148, 0x2148, 0x18E6, 0x31EC, 0xA578, 0xCE79, 0xC638, 0xCE59,
 0xD69A, 0xC639, 0x1087, 0x0006, 0x0006, 0x0028, 0x0006, 0x0006, 0x0845, 0xB5B7, 0x9493, 0x1066, 0x0003, 0x0802, 0x0802, 0x0802,
 0x0002, 0x39A8, 0xD69A, 0xCE59, 0xCE59, 0xC638, 0xC638, 0xCE59, 0xC638, 0xC618, 0xC618, 0xC618, 0xC618, 0xC638, 0xCE79, 0xF79E,
 0x0000, 0x0000, 0x0000, 0xE71D, 0x18AA, 0x106B, 0x106B, 0x1069, 0x294C, 0x0008, 0xA537, 0xBDD7, 0x0802, 0x320D, 0x6C79, 0x7499,
 0x6438, 0x853B, 0xBE9E, 0xCEDD, 0xBE3A, 0x424B, 0x0842, 0x10A5, 0x18C6, 0x18E6, 0x4A8D, 0x6392, 0x7BB0, 0xCE79, 0xC638, 0xCE59,
 0xD6BA, 0xAD35, 0x1065, 0x0007, 0x0027, 0x0028, 0x0007, 0x0006, 0x0825, 0x9CF4, 0xD69A, 0x5AF0, 0x0004, 0x0002, 0x0802, 0x0802,
 0x0002, 0x39A8, 0xD69A, 0xCE59, 0xCE59, 0xCE59, 0xCE59, 0xCE59, 0xC638, 0xC618, 0xC618, 0xC618, 0xC638, 0xCE59, 0xE73C, 0x0000,
 0x0000, 0x0000, 0x0000, 0xE71D, 0x18AA, 0x106A, 0x082A, 0x210A, 0x7BD2, 0x0006, 0xA516, 0xBDD7, 0x0802, 0x320D, 0x6C99, 0x855B,
 0x6C99, 0x8D7B, 0xCEFE, 0x8C94, 0x0842, 0x0863, 0x1084, 0x1084, 0x1084, 0x31C9, 0xA5BA, 0x5AED, 0x7BB0, 0xD699, 0xCE59, 0xD69A,
 0xBDF8, 0x422B, 0x0006, 0x0028, 0x0849, 0x0028, 0x0006, 0x0005, 0x0005, 0x2127, 0xD69A, 0x73B1, 0x0846, 0x0003, 0x0802, 0x0802,
 0x0002, 0x39A8, 0xD69A, 0xCE59, 0xCE79, 0xCE59, 0xCE59, 0xCE59, 0xC638, 0xC618, 0xC618, 0xC618, 0xCE59, 0xCE79, 0xEF5D, 0x0000,
 0x0000, 0x0000, 0x0000, 0xE71D, 0x18A9, 0x084A, 0x294C, 0x1067, 0x0828, 0x0007, 0xA516, 0xC618, 0x39A8, 0x5B31, 0x74B9, 0x95BB,
 0x959B, 0xBE9E, 0xCEDC, 0x18C4, 0x0863, 0x0863, 0x0863, 0x0863, 0x2126, 0x9D58, 0x4B11, 0x0003, 0x7BD0, 0xD699, 0xCE59, 0xDEFB,
 0x5ACD, 0x7391, 0x1089, 0x0028, 0x0849, 0x0028, 0x0007, 0x0006, 0x0006, 0x2127, 0xDEDB, 0xD6BA, 0x52AF, 0x0004, 0x0002, 0x0802,
 0x0002, 0x39A8, 0xD6BA, 0xCE59, 0xD69A, 0xCE59, 0xCE79, 0xCE79, 0xC638, 0xC638, 0xC638, 0xC638, 0xCE59, 0xE71C, 0x0000, 0x0000,
 0x0000, 0x0000, 0x0000, 0xE71D, 0x1089, 0x0009, 0x9CD5, 0x316A, 0x0828, 0x0007, 0x7BF2, 0xD69A, 0xAD76, 0xAD55, 0x7C98, 0x95BC,
 0x95BC, 0xBEBE, 0xA598, 0x10A4, 0x0863, 0x0863, 0x0863, 0x18C5, 0x8CD5, 0x9538, 0x0884, 0x0005, 0x7BD0, 0xD699, 0xCE79, 0xC638,
 0x420B, 0x0006, 0x0007, 0x0028, 0x0028, 0x0007, 0x0028, 0x0006, 0x0005, 0x420B, 0xA514, 0xBDF8, 0xCE59, 0x422D, 0x20E6, 0x0002,
 0x0001, 0x2926, 0xB5B6, 0xCE79, 0xD69A, 0xCE79, 0xD69A, 0xD6BA, 0xCE59, 0xCE59, 0xCE59, 0xCE59, 0xDEDB, 0xFFFF, 0x0000, 0x0000,
 0x0000, 0x0000, 0x0000, 0xE71C, 0x292A, 0x292B, 0x7371, 0x2109, 0x0007, 0x0006, 0x0865, 0x738E, 0x0822, 0x0002, 0x3A4E, 0xAE3C,
 0xBE9E, 0xADFA, 0x2126, 0x0863, 0x1084, 0x1084, 0x10A4, 0x73D0, 0xC69C, 0x3188, 0x0001, 0x0005, 0x7BD0, 0xD699, 0xD69A, 0x8411,
 0x0004, 0x0006, 0x0008, 0x0028, 0x0007, 0x0007, 0x0007, 0x0004, 0x0843, 0x73AF, 0x0002, 0x7BAF, 0xDEFB, 0xD6BA, 0x9CB3, 0x3988,
 0x39A8, 0x3167, 0x7BAF, 0xD6BA, 0xD6DA, 0xD6BA, 0xD6BA, 0xDEDB, 0xD6BA, 0xD69A, 0xCE59, 0xD69A, 0xFFDF, 0x0000, 0x0000, 0x0000,
 0x0000, 0x0000, 0x0000, 0xE71C, 0x4A2C, 0x630F, 0x0007, 0x0006, 0x0026, 0x0004, 0x0804, 0x2926, 0x0802, 0x0802, 0x1064, 0x9DBA,
 0xCF1F, 0x52CD, 0x0022, 0x10A5, 0x10A5, 0x1084, 0x2988, 0xBE9C, 0x3A2C, 0x0002, 0x0002, 0x0006, 0x7BD0, 0xCE99, 0xD6BA, 0x8C32,
 0x0004, 0x0006, 0x0007, 0x0007, 0x0006, 0x0006, 0x1086, 0x39CA, 0x39CA, 0x2947, 0x0002, 0x5AAC, 0xA535, 0xD6BA, 0xC619, 0x9494,
 0x9494, 0x94B4, 0x9494, 0x8C74, 0x8C73, 0x8C52, 0x8C72, 0x8C73, 0x8C73, 0x8C73, 0xB5B7, 0xF7BE, 0x0000, 0x0000, 0x0000, 0x0000,
 0x0000, 0x0000, 0x0000, 0xE71C, 0x1088, 0x0807, 0x0027, 0x0005, 0x0005, 0x0004, 0x1067, 0x9CF4, 0x0823, 0x0802, 0x0823, 0x4AF1,
 0x8D18, 0x7413, 0x424B, 0x10A4, 0x0864, 0x31A9, 0x52AC, 0x6350, 0x0004, 0x0003, 0x0002, 0x0006, 0x7BD0, 0xD69A, 0xC638, 0x62EE,
 0x0005, 0x0006, 0x0006, 0x0007, 0x0005, 0x3189, 0x7370, 0xE71C, 0xDEFB, 0xB5B6, 0x0823, 0x0002, 0x0844, 0x9493, 0x6310, 0x212B,
 0x1089, 0x0007, 0x0007, 0x0007, 0x0827, 0x39CA, 0x20E5, 0x0004, 0x0006, 0x0007, 0x6331, 0xF79E, 0x0000, 0x0000, 0x0000, 0x0000,
 0x0000, 0x0000, 0x0000, 0xE71C, 0x1088, 0x0827, 0x0027, 0x0004, 0x0004, 0x0004, 0x1067, 0x9CD4, 0x0823, 0x0802, 0x0802, 0x0001,
 0x1928, 0x84D8, 0xADFB, 0x3A2C, 0x422A, 0x9D36, 0xC638, 0x0843, 0x294A, 0x18A5, 0x0002, 0x0006, 0x7BD0, 0xD69A, 0xA514, 0x0003,
 0x0005, 0x0006, 0x0005, 0x0004, 0x3169, 0xCE59, 0xDEFB, 0xD6BA, 0xD6BA, 0xBDD7, 0x2105, 0x2106, 0x0004, 0x0004, 0x0007, 0x6330,
 0x296B, 0x0007, 0x0028, 0x0008, 0x1088, 0xAD76, 0x736F, 0x0003, 0x0007, 0x0028, 0x0028, 0xBDD9, 0x0000, 0x0000, 0x0000, 0x0000,
 0x0000, 0x0000, 0x0000, 0xE71C, 0x1087, 0x0026, 0x0006, 0x0004, 0x0004, 0x0007, 0x1068, 0x9CD4, 0x0823, 0x0802, 0x0802, 0x0802,
 0x0001, 0x4A8E, 0x7C98, 0x9D79, 0xD6BA, 0xDEDB, 0xC617, 0x0844, 0x52B0, 0x3189, 0x0001, 0x18C9, 0x9CD4, 0xD6BA, 0xAD55, 0x0803,
 0x0004, 0x0004, 0x1085, 0x420B, 0xAD56, 0xDEFB, 0xD69A, 0xCE59, 0xD69A, 0x9472, 0x6B4E, 0x4A4C, 0x0007, 0x0028, 0x0007, 0x0005,
 0x0005, 0x0006, 0x0007, 0x0007, 0x0005, 0x39E9, 0x8C72, 0x10A8, 0x0007, 0x0007, 0x0007, 0xBDD9, 0x0000, 0x0000, 0x0000, 0x0000,
 0x0000, 0x0000, 0x0000, 0xE71C, 0x1086, 0x0026, 0x0005, 0x0003, 0x0005, 0x0006, 0x1067, 0x9CD4, 0x0823, 0x0802, 0x0802, 0x0802,
 0x0002, 0x7BD0, 0xCE59, 0xCE58, 0xD69A, 0xD69A, 0x8C51, 0x0844, 0x0828, 0x0004, 0x0001, 0x39CC, 0xBDD7, 0xD6BA, 0xA535, 0x0802,
 0x0002, 0x0022, 0x6B4F, 0xE71C, 0xD6BA, 0xD69A, 0xCE79, 0xD69A, 0xD69A, 0x7BD0, 0x9493, 0x0006, 0x0028, 0x0028, 0x0007, 0x0004,
 0x3169, 0x18C8, 0x528F, 0x528F, 0x420D, 0x420B, 0xDEFB, 0x4A4E, 0x422E, 0x5AD0, 0x296C, 0x8414, 0xFFDF, 0x0000, 0x0000, 0x0000,
 0x0000, 0x0000, 0x0000, 0xE71C, 0x1066, 0x0006, 0x0004, 0x0004, 0x18C8, 0x526D, 0x2109, 0x9CD4, 0x0823, 0x0802, 0x0802, 0x0802,
 0x0001, 0x7BCF, 0xCE59, 0xB5B6, 0xAD75, 0xCE59, 0x2105, 0x0002, 0x0027, 0x0004, 0x0002, 0x0006, 0x738F, 0xDEDB, 0xBDD7, 0x3167,
 0x3167, 0x62ED, 0xD6BA, 0xD69A, 0xD69A, 0xCE79, 0xCE79, 0xD6BA, 0xDEFB, 0xA536, 0x6310, 0x0028, 0x0028, 0x0028, 0x0007, 0x0004,
 0x9CD4, 0x8412, 0xEF7D, 0xEF9D, 0xDEDB, 0x7BF1, 0xDEFB, 0x83F2, 0x9493, 0xAD35, 0x528E, 0x1069, 0xE71D, 0x0000, 0x0000, 0x0000,
 0x0000, 0x0000, 0x0000, 0xE71C, 0x1066, 0x0006, 0x0003, 0x0005, 0x2968, 0xC5F8, 0x528D, 0x94B3, 0x0823, 0x0802, 0x0802, 0x0002,
 0x20C5, 0x94B3, 0xCE59, 0x8C71, 0x632C, 0xDEDB, 0x2106, 0x0024, 0x0849, 0x0004, 0x0002, 0x0828, 0x738F, 0xD6BA, 0xDEDB, 0xA4F4,
 0xA514, 0xE73C, 0xDEDB, 0xCE59, 0xCE59, 0xD69A, 0xD69A, 0xDEFB, 0xA516, 0x1089, 0x0007, 0x0028, 0x0028, 0x0007, 0x18E9, 0x526C,
 0xB576, 0xA535, 0xDEFB, 0xA514, 0x9472, 0xC638, 0x8C31, 0x8C32, 0x10A6, 0x0004, 0x3189, 0x6B51, 0xEF7E, 0x0000, 0x0000, 0x0000,
 0x0000, 0x0000, 0x0000, 0xE71C, 0x1066, 0x0005, 0x0004, 0x1066, 0x3188, 0x73AF, 0x52AD, 0x94B3, 0x0823, 0x0802, 0x0002, 0x0001,
 0x528B, 0xCE59, 0xCE59, 0x9492, 0x39E8, 0x8C73, 0x52AB, 0x0845, 0x106B, 0x0005, 0x0002, 0x0828, 0x738F, 0xD69A, 0xD69A, 0xD6BA,
 0xD6BA, 0xD69A, 0xCE79, 0xCE59, 0xCE79, 0xDEDB, 0xE71C, 0xB5B7, 0x294B, 0x0008, 0x0028, 0x0028, 0x0028, 0x422D, 0x8412, 0xDEDB,
 0xCE59, 0x7BAF, 0xDEFB, 0x8411, 0x20E5, 0x5AAC, 0x0002, 0x420A, 0x6310, 0x5AF0, 0xB5B9, 0x0000, 0x0000, 0x0000, 0x0000, 0x0000,
 0x0000, 0x0000, 0x0000, 0xE71C, 0x1065, 0x0005, 0x0005, 0x5ACD, 0x5AAD, 0x422B, 0x39A9, 0x9CB3, 0x0823, 0x0802, 0x0842, 0x39A8,
 0x528B, 0xC658, 0xCE59, 0x94B2, 0x0001, 0x0024, 0x630E, 0x1085, 0x108B, 0x0006, 0x0023, 0x0828, 0x738F, 0xCE79, 0xD69A, 0xD69A,
 0xD69A, 0xCE59, 0xC638, 0xCE79, 0xD6BA, 0xD69A, 0x8C74, 0x422D, 0x0008, 0x086A, 0x0829, 0x39CD, 0x5AEF, 0xCE79, 0xB596, 0xB596,
 0xE73C, 0xE73C, 0xB596, 0x83F1, 0x2927, 0x5AED, 0x630F, 0xCE7A, 0x0000, 0x0000, 0x0000, 0x0000, 0x0000, 0x0000, 0x0000, 0x0000,
 0x0000, 0x0000, 0x0000, 0xE71C, 0x1065, 0x0005, 0x420C, 0x7BD0, 0x52AF, 0x212A, 0x528D, 0xAD55, 0x0823, 0x0002, 0x528B, 0xAD35,
 0x528B, 0xCE58, 0xCE79, 0x94B2, 0x0002, 0x0005, 0x0005, 0x0845, 0x108C, 0x0007, 0x0023, 0x1049, 0x7BB0, 0xD69A, 0xD69A, 0xD6BA,
 0xCE59, 0xCE59, 0xCE79, 0xD69A, 0xD69A, 0x7BD2, 0x0027, 0x0829, 0x108C, 0x106B, 0x0807, 0x4A2B, 0xCE59, 0xD69A, 0x526B, 0x422B,
 0x83F2, 0x83F2, 0x73B0, 0x6B4E, 0x7BD1, 0xF7BF, 0x0000, 0x0000, 0x0000, 0x0000, 0x0000, 0x0000, 0x0000, 0x0000, 0x0000, 0x0000,
 0x0000, 0x0000, 0x0000, 0xE71C, 0x1066, 0x0004, 0x528C, 0x634F, 0xADF9, 0x73B5, 0x7374, 0xAD76, 0x0802, 0x39A8, 0xC638, 0x6B2D,
 0x528B, 0xCE59, 0xCE79, 0x9CD2, 0x0003, 0x0006, 0x0006, 0x0845, 0x10AD, 0x0007, 0x0023, 0x0849, 0x4A2B, 0xC618, 0xB5B7, 0x9CD5,
 0xCE79, 0xD69A, 0xD6BA, 0xDEDB, 0xCE79, 0x6B30, 0x39CB, 0x0007, 0x0828, 0x0004, 0x0002, 0x0001, 0x5ACC, 0x630E, 0x2106, 0x528D,
 0x528D, 0x528D, 0xAD76, 0x0000, 0x0000, 0x0000, 0x0000, 0x0000, 0x0000, 0x0000, 0x0000, 0x0000, 0x0000, 0x0000, 0x0000, 0x0000,
 0x0000, 0x0000, 0x0000, 0xE71D, 0x0866, 0x3168, 0x5AED, 0x9515, 0x9516, 0x5294, 0x6314, 0xA535, 0x2126, 0xB596, 0x94B3, 0x4A2A,
 0x528B, 0xCE79, 0xD69A, 0x9CF3, 0x0024, 0x0828, 0x0006, 0x0866, 0x18AD, 0x0007, 0x0002, 0x086A, 0x0025, 0xA535, 0xBDD8, 0x5ACF,
 0xAD76, 0xDEDB, 0xDF1B, 0xB596, 0xBDB7, 0xE73C, 0xBDD7, 0x630E, 0x630D, 0x630D, 0x6B2D, 0x630D, 0x62CD, 0x526C, 0x8412, 0xD699,
 0xD6BA, 0xEF5D, 0x0000, 0x0000, 0x0000, 0x0000, 0x0000, 0x0000, 0x0000, 0x0000, 0x0000, 0x0000, 0x0000, 0x0000, 0x0000, 0x0000,
 0x0000, 0x0000, 0xFFFF, 0x9494, 0x0026, 0x6350, 0xB5F9, 0x9536, 0x6314, 0x106B, 0x7393, 0xBDF8, 0x9CD4, 0xAD56, 0x6B4E, 0x5ACD,
 0x528C, 0xCE79, 0xDEDB, 0xA534, 0x0024, 0x0849, 0x0006, 0x0866, 0x10AD, 0x0027, 0x0004, 0x1069, 0x0848, 0xAD56, 0xEF5C, 0xA536,
 0x6310, 0xCE7A, 0xCE79, 0x4209, 0x4A4A, 0x7BD0, 0x7BAF, 0x7BD0, 0x7BAF, 0x7BAF, 0x7BAF, 0xAD55, 0xDEDB, 0xCE79, 0xCE59, 0xC638,
 0xDEFB, 0xFFFF, 0x0000, 0x0000, 0x0000, 0x0000, 0x0000, 0x0000, 0x0000, 0x0000, 0x0000, 0x0000, 0x0000, 0x0000, 0x0000, 0x0000,
 0x0000, 0x0000, 0xFFDF, 0x318B, 0x0008, 0x424F, 0x8D15, 0x73B5, 0x108E, 0x0827, 0x188A, 0xCE7B, 0xC618, 0x3167, 0x528C, 0x0845,
 0x528D, 0xCE79, 0xCE59, 0x5ACC, 0x0867, 0x106B, 0x0006, 0x0825, 0x106C, 0x0028, 0x0006, 0x0023, 0x0827, 0x52AD, 0x8C52, 0xDEDB,
 0x8C73, 0x6B6F, 0x528B, 0x0001, 0x0001, 0x0000, 0x0000, 0x0000, 0x0000, 0x0000, 0x20E4, 0x9CD4, 0xCE79, 0xCE79, 0xC638, 0xD6BA,
 0xFFDF, 0x0000, 0x0000, 0x0000, 0x0000, 0x0000, 0x0000, 0x0000, 0x0000, 0x0000, 0x0000, 0x0000, 0x0000, 0x0000, 0x0000, 0x0000,
 0x0000, 0x0000, 0xFFDF, 0x318B, 0x084B, 0x5AF1, 0x7C34, 0x3170, 0x8436, 0x41EA, 0x0827, 0x630E, 0x6B4E, 0x3147, 0x1047, 0x528F,
 0x528F, 0xCE79, 0xBDF8, 0x0863, 0x0846, 0x106B, 0x0005, 0x2967, 0x5272, 0x0008, 0x0004, 0x0001, 0x0003, 0x0004, 0x1085, 0x9CD4,
 0xE71B, 0x39C8, 0x5ACC, 0x6B4E, 0x6B4E, 0x6B4E, 0x6B4E, 0x6B4E, 0x6B4E, 0x6B4E, 0x94B3, 0xDEFB, 0xD6BA, 0xCE79, 0xCE79, 0xF79E,
 0x0000, 0x0000, 0x0000, 0x0000, 0x0000, 0x0000, 0x0000, 0x0000, 0x0000, 0x0000, 0x0000, 0x0000, 0x0000, 0x0000, 0x0000, 0x0000,
 0x0000, 0x0000, 0xFFDF, 0x318B, 0x084A, 0x5273, 0x4211, 0x7BB4, 0x8413, 0x420D, 0x0005, 0x1084, 0x9CD3, 0x7371, 0x188C, 0x6B51,
 0x9CD5, 0xCE59, 0xCE39, 0x1064, 0x0826, 0x084A, 0x0006, 0x2947, 0x4A2D, 0x5AF1, 0x7BD1, 0x738F, 0x3187, 0x0002, 0x0002, 0x2945,
 0x6B4D, 0x18E4, 0x5ACB, 0x630C, 0x630C, 0x630C, 0x630C, 0x630C, 0x630C, 0x632C, 0x634C, 0x632E, 0x6B71, 0xD6BB, 0xEF7D, 0x0000,
 0x0000, 0x0000, 0x0000, 0x0000, 0x0000, 0x0000, 0x0000, 0x0000, 0x0000, 0x0000, 0x0000, 0x0000, 0x0000, 0x0000, 0x0000, 0x0000,
 0x0000, 0x0000, 0xFFDF, 0x318B, 0x084A, 0x18AE, 0x18AE, 0x52AF, 0x31A9, 0x422F, 0x0004, 0x2967, 0xB5B7, 0x39AE, 0x1049, 0x632F,
 0x9493, 0xCE59, 0x738F, 0x0003, 0x420A, 0x41F0, 0x0007, 0x0004, 0x0001, 0x528C, 0x8C32, 0xE71C, 0xAD54, 0x18E4, 0x0000, 0x0001,
 0x4208, 0x73AE, 0x6B6D, 0x6B4D, 0x6B6D, 0x6B6D, 0x6B6D, 0x6B6D, 0x738E, 0x5ACB, 0x0001, 0x0005, 0x6B51, 0xF7BF, 0x0000, 0x0000,
 0x0000, 0x0000, 0x0000, 0x0000, 0x0000, 0x0000, 0x0000, 0x0000, 0x0000, 0x0000, 0x0000, 0x0000, 0x0000, 0x0000, 0x0000, 0x0000,
 0x0000, 0x0000, 0xFFDF, 0x318B, 0x0027, 0x106B, 0x6312, 0x10A9, 0x2927, 0x39CB, 0x0003, 0x6B4E, 0x420D, 0x0007, 0x630F, 0x528D,
 0x528D, 0xCE79, 0x2947, 0x0003, 0x31A7, 0x39AC, 0x5AF0, 0x294A, 0x7BD0, 0x2103, 0x2125, 0xAD56, 0x630E, 0x20E7, 0x0004, 0x0004,
 0x41E9, 0x6B4E, 0x8C52, 0xEF5D, 0x94B3, 0x6B2E, 0x6B4E, 0x6B4E, 0x7391, 0xA536, 0x39AA, 0x8C74, 0xE71D, 0x0000, 0x0000, 0x0000,
 0x0000, 0x0000, 0x0000, 0x0000, 0x0000, 0x0000, 0x0000, 0x0000, 0x0000, 0x0000, 0x0000, 0x0000, 0x0000, 0x0000, 0x0000, 0x0000,
 0x0000, 0x0000, 0xFFDF, 0x318B, 0x0006, 0x0006, 0x5270, 0x18CB, 0x0004, 0x41EB, 0x83F1, 0x528E, 0x0008, 0x4A4D, 0x6B50, 0x0828,
 0x528E, 0xD6BA, 0x3147, 0x0003, 0x0002, 0x0021, 0x4A4B, 0x4A4C, 0xE71C, 0x9492, 0x738D, 0x39C7, 0x0000, 0x0001, 0x0001, 0x0001,
 0x0000, 0x0000, 0x10A2, 0x5ACB, 0x2104, 0x0000, 0x0000, 0x0000, 0x0842, 0xAD55, 0xBDD8, 0x0000, 0x0000, 0x0000, 0x0000, 0x0000,
 0x0000, 0x0000, 0x0000, 0x0000, 0x0000, 0x0000, 0x0000, 0x0000, 0x0000, 0x0000, 0x0000, 0x0000, 0x0000, 0x0000, 0x0000, 0x0000,
 0x0000, 0x0000, 0xFFDF, 0x318B, 0x0006, 0x0005, 0x62F0, 0x210B, 0x0004, 0x7BD0, 0x9493, 0x6B30, 0x318C, 0x738F, 0x10A8, 0x18CB,
 0xA516, 0xD69A, 0x2946, 0x0001, 0x0001, 0x4A6A, 0x2925, 0x9CD4, 0xDEDB, 0xDEFB, 0xCE79, 0x8430, 0x8430, 0x8410, 0x8410, 0x840F,
 0x8410, 0x8410, 0x7BEF, 0x7BCF, 0x7BEF, 0x7C0F, 0x7BCF, 0x840F, 0x9492, 0xE71C, 0xFFFF, 0x0000, 0x0000, 0x0000, 0x0000, 0x0000,
 0x0000, 0x0000, 0x0000, 0x0000, 0x0000, 0x0000, 0x0000, 0x0000, 0x0000, 0x0000, 0x0000, 0x0000, 0x0000, 0x0000, 0x0000, 0x0000,
 0x0000, 0x0000, 0xFFDF, 0x318A, 0x0006, 0x0004, 0x420C, 0x10A8, 0x0003, 0x3189, 0x292C, 0x5AF0, 0xAD76, 0x6B51, 0x0007, 0x8C53,
 0xDEDA, 0xD69A, 0x83F0, 0x2946, 0x8411, 0xC5F8, 0x8450, 0x5ACA, 0x4A69, 0x4A69, 0x4A69, 0x5ACB, 0x5ACB, 0x52AA, 0x52AA, 0x52AA,
 0x52AA, 0x52AA, 0x52AA, 0x52AA, 0x52AA, 0x632C, 0xD6BA, 0xEF5D, 0xFFFF, 0x0000, 0x0000, 0x0000, 0x0000, 0x0000, 0x0000, 0x0000,
 0x0000, 0x0000, 0x0000, 0x0000, 0x0000, 0x0000, 0x0000, 0x0000, 0x0000, 0x0000, 0x0000, 0x0000, 0x0000, 0x0000, 0x0000, 0x0000,
 0x0000, 0x0000, 0xFFDF, 0x318A, 0x0006, 0x0027, 0x0005, 0x0004, 0x0003, 0x0828, 0x0008, 0x2967, 0xB5B8, 0x294D, 0x6B51, 0xCE79,
 0xCE79, 0xD69A, 0xCE79, 0xA4F4, 0xDEFB, 0xDEFB, 0xC638, 0x73AE, 0x7BCF, 0x7BEF, 0x7BCF, 0x7BCF, 0x7BCF, 0x7BCF, 0x7BCF, 0x7BCF,
 0x7BCF, 0x7BCF, 0x7BCF, 0x7BCF, 0x7BEF, 0x8C71, 0xEF5D, 0xF7BE, 0x0000, 0x0000, 0x0000, 0x0000, 0x0000, 0x0000, 0x0000, 0x0000,
 0x0000, 0x0000, 0x0000, 0x0000, 0x0000, 0x0000, 0x0000, 0x0000, 0x0000, 0x0000, 0x0000, 0x0000, 0x0000, 0x0000, 0x0000, 0x0000,
 0x0000, 0x0000, 0xFFDF, 0x318B, 0x0006, 0x0007, 0x0005, 0x0003, 0x0827, 0x084B, 0x6B50, 0x8C52, 0x39CE, 0x4A4F, 0xCE59, 0xCE79,
 0xCE59, 0xD69A, 0xD6BA, 0xD6BA, 0xD69A, 0xCE79, 0xCE59, 0xD69A, 0xDEDB, 0xDEFB, 0xDEDB, 0xDEDB, 0xDEDB, 0xDEDB, 0xDEDB, 0xDEDB,
 0xDEDB, 0xDEDB, 0xDEFB, 0xDEDB, 0xEF7D, 0xFFDF, 0xFFFF, 0x0000, 0x0000, 0x0000, 0x0000, 0x0000, 0x0000, 0x0000, 0x0000, 0x0000,
 0x0000, 0x0000, 0x0000, 0x0000, 0x0000, 0x0000, 0x0000, 0x0000, 0x0000, 0x0000, 0x0000, 0x0000, 0x0000, 0x0000, 0x0000, 0x0000,
 0x0000, 0x0000, 0xFFDF, 0x318B, 0x0007, 0x0004, 0x0004, 0x0006, 0x0849, 0x0005, 0x41EA, 0x4A70, 0x318D, 0xB5B7, 0xD69A, 0xCE59,
 0xCE59, 0xD69A, 0xD69A, 0xD69A, 0xCE59, 0xC638, 0xCE79, 0xD69A, 0xD69A, 0xD69A, 0xD69A, 0xD69A, 0xD69A, 0xD69A, 0xD6BA, 0xD6BA,
 0xD6BA, 0xCE79, 0x7BD0, 0xE71C, 0xFFDF, 0x0000, 0x0000, 0x0000, 0x0000, 0x0000, 0x0000, 0x0000, 0x0000, 0x0000, 0x0000, 0x0000,
 0x0000, 0x0000, 0x0000, 0x0000, 0x0000, 0x0000, 0x0000, 0x0000, 0x0000, 0x0000, 0x0000, 0x0000, 0x0000, 0x0000, 0x0000, 0x0000,
 0x0000, 0x0000, 0xFFDF, 0x318A, 0x316B, 0x528C, 0x0005, 0x0829, 0x316A, 0x94B3, 0x316B, 0x10AA, 0xA516, 0xD699, 0xCE59, 0xCE79,
 0xCE79, 0xD69A, 0xD69A, 0xCE79, 0xCE59, 0xCE79, 0xD69A, 0xD69A, 0xD69A, 0xD69A, 0xD69A, 0xD69A, 0xD69A, 0xDEDB, 0xBDD7, 0x8C31,
 0xDEFB, 0x736F, 0xB596, 0xFFDF, 0x0000, 0x0000, 0x0000, 0x0000, 0x0000, 0x0000, 0x0000, 0x0000, 0x0000, 0x0000, 0x0000, 0x0000,
 0x0000, 0x0000, 0x0000, 0x0000, 0x0000, 0x0000, 0x0000, 0x0000, 0x0000, 0x0000, 0x0000, 0x0000, 0x0000, 0x0000, 0x0000, 0x0000,
 0x0000, 0x0000, 0xFFDF, 0x318A, 0x18A7, 0x294A, 0x082A, 0x18AA, 0xB596, 0x9CF6, 0x18EB, 0x8C54, 0xCE79, 0xCE59, 0xCE59, 0xCE79,
 0xCE79, 0xCE79, 0xCE79, 0xCE59, 0xD69A, 0xD6BA, 0xDEDB, 0xD6BA, 0xCE79, 0xD69A, 0xD69A, 0xD69A, 0xD69A, 0x6B2E, 0x3167, 0x18E4,
 0xB576, 0xC639, 0xFFDF, 0x0000, 0x0000, 0x0000, 0x0000, 0x0000, 0x0000, 0x0000, 0x0000, 0x0000, 0x0000, 0x0000, 0x0000, 0x0000,
 0x0000, 0x0000, 0x0000, 0x0000, 0x0000, 0x0000, 0x0000, 0x0000, 0x0000, 0x0000, 0x0000, 0x0000, 0x0000, 0x0000, 0x0000, 0x0000,
 0x0000, 0x0000, 0xFFDF, 0x318B, 0x0005, 0x0028, 0x0849, 0x73B1, 0x528D, 0x292C, 0x6B51, 0xCE79, 0xCE79, 0xCE59, 0xCE79, 0xCE79,
 0xCE59, 0xCE59, 0xC638, 0xCE79, 0xD6BA, 0xDEFB, 0xCE59, 0x7BD0, 0xDEFB, 0xDEDB, 0xDEDB, 0xD6BA, 0xD69A, 0xA514, 0x9493, 0xA514,
 0xE71C, 0x0000, 0x0000, 0x0000, 0x0000, 0x0000, 0x0000, 0x0000, 0x0000, 0x0000, 0x0000, 0x0000, 0x0000, 0x0000, 0x0000, 0x0000,
 0x0000, 0x0000, 0x0000, 0x0000, 0x0000, 0x0000, 0x0000, 0x0000, 0x0000, 0x0000, 0x0000, 0x0000, 0x0000, 0x0000, 0x0000, 0x0000,
 0x0000, 0x0000, 0x9473, 0x0847, 0x31AC, 0x5AF0, 0x6B50, 0xBDF8, 0x0849, 0x4A6F, 0xC639, 0xCE79, 0xCE59, 0xCE59, 0xCE79, 0xCE59,
 0xCE59, 0xC638, 0xCE59, 0xD6BA, 0xDEFB, 0xDEFB, 0x528B, 0x18A4, 0x4A0A, 0x4209, 0x41E9, 0x41E9, 0x41E9, 0x4209, 0x6B4E, 0xFFDF,
 0x0000, 0x0000, 0x0000, 0x0000, 0x0000, 0x0000, 0x0000, 0x0000, 0x0000, 0x0000, 0x0000, 0x0000, 0x0000, 0x0000, 0x0000, 0x0000,
 0x0000, 0x0000, 0x0000, 0x0000, 0x0000, 0x0000, 0x0000, 0x0000, 0x0000, 0x0000, 0x0000, 0x0000, 0x0000, 0x0000, 0x0000, 0x0000,
 0x0000, 0x0000, 0x630D, 0x0007, 0x210D, 0x296B, 0x9493, 0x5AD1, 0x39AE, 0xBDD8, 0xD6BA, 0xD6BA, 0xCE59, 0xCE59, 0xCE59, 0xCE59,
 0xC638, 0xCE59, 0xCE79, 0xDEDB, 0x9493, 0x39C8, 0x0843, 0x0002, 0x0002, 0x0002, 0x0002, 0x0002, 0x0002, 0x0843, 0xB5B7, 0x0000,
 0x0000, 0x0000, 0x0000, 0x0000, 0x0000, 0x0000, 0x0000, 0x0000, 0x0000, 0x0000, 0x0000, 0x0000, 0x0000, 0x0000, 0x0000, 0x0000,
 0x0000, 0x0000, 0x0000, 0x0000, 0x0000, 0x0000, 0x0000, 0x0000, 0x0000, 0x0000, 0x0000, 0x0000, 0x0000, 0x0000, 0x0000, 0x0000,
 0x0000, 0x0000, 0x630D, 0x0848, 0x104B, 0x526E, 0x5ACF, 0x20EB, 0xAD56, 0xDEDA, 0x6B51, 0x52AF, 0xCE79, 0xCE59, 0xCE59, 0xC638,
 0xCE59, 0xCE79, 0xD69A, 0xE71C, 0x7BCF, 0x0000, 0x0002, 0x0802, 0x0802, 0x0802, 0x0802, 0x0802, 0x6B2E, 0xC639, 0xFFDF, 0x0000,
 0x0000, 0x0000, 0x0000, 0x0000, 0x0000, 0x0000, 0x0000, 0x0000, 0x0000, 0x0000, 0x0000, 0x0000, 0x0000, 0x0000, 0x0000, 0x0000,
 0x0000, 0x0000, 0x0000, 0x0000, 0x0000, 0x0000, 0x0000, 0x0000, 0x0000, 0x0000, 0x0000, 0x0000, 0x0000, 0x0000, 0x0000, 0x0000,
 0x0000, 0xB596, 0x18A4, 0x0849, 0x31AD, 0x73B0, 0x8412, 0xB598, 0xDEDB, 0x8432, 0x188B, 0x39F2, 0xD69A, 0xCE59, 0xC638, 0xCE59,
 0xCE79, 0xD6BA, 0xE71B, 0xB596, 0x6B4E, 0xAD35, 0x20C5, 0x0002, 0x0802, 0x0802, 0x0802, 0x420A, 0xE73C, 0x0000, 0x0000, 0x0000,
 0x0000, 0x0000, 0x0000, 0x0000, 0x0000, 0x0000, 0x0000, 0x0000, 0x0000, 0x0000, 0x0000, 0x0000, 0x0000, 0x0000, 0x0000, 0x0000,
 0x0000, 0x0000, 0x0000, 0x0000, 0x0000, 0x0000, 0x0000, 0x0000, 0x0000, 0x0000, 0x0000, 0x0000, 0x0000, 0x0000, 0x0000, 0x0000,
 0x0000, 0x94B3, 0x0004, 0x18A7, 0x8411, 0x20E9, 0x9CD6, 0xEF5D, 0xAD55, 0x18A7, 0x108D, 0x41F1, 0xD69A, 0xCE59, 0xCE79, 0xAD75,
 0x3988, 0x318A, 0x39AB, 0x2929, 0x18C8, 0x39AB, 0x0847, 0x0006, 0x0006, 0x0006, 0x20E6, 0xD69A, 0x0000, 0x0000, 0x0000, 0x0000,
 0x0000, 0x0000, 0x0000, 0x0000, 0x0000, 0x0000, 0x0000, 0x0000, 0x0000, 0x0000, 0x0000, 0x0000, 0x0000, 0x0000, 0x0000, 0x0000,
 0x0000, 0x0000, 0x0000, 0x0000, 0x0000, 0x0000, 0x0000, 0x0000, 0x0000, 0x0000, 0x0000, 0x0000, 0x0000, 0x0000, 0x0000, 0x0000,
 0xD69A, 0x2107, 0x0006, 0x0823, 0x20E6, 0x4A6D, 0xCE5A, 0x4A6B, 0x2107, 0x0006, 0x18F0, 0x39AF, 0xC638, 0xCE79, 0xCE59, 0x3988,
 0x0002, 0x0004, 0x0007, 0x0007, 0x0004, 0x632E, 0x20E8, 0x0028, 0x0028, 0x0868, 0xBDB8, 0x0000, 0x0000, 0x0000, 0x0000, 0x0000,
 0x0000, 0x0000, 0x0000, 0x0000, 0x0000, 0x0000, 0x0000, 0x0000, 0x0000, 0x0000, 0x0000, 0x0000, 0x0000, 0x0000, 0x0000, 0x0000,
 0x0000, 0x0000, 0x0000, 0x0000, 0x0000, 0x0000, 0x0000, 0x0000, 0x0000, 0x0000, 0x0000, 0x0000, 0x0000, 0x0000, 0x0000, 0x0000,
 0xF79D, 0x632F, 0x0003, 0x7BD1, 0x0027, 0x6B50, 0x7BAF, 0x8412, 0x0847, 0x0006, 0x8415, 0x422D, 0xDEDB, 0x7BD1, 0x2929, 0x0024,
 0x0802, 0x0004, 0x0007, 0x0007, 0x526D, 0xC638, 0x9493, 0x0869, 0x0028, 0x1089, 0xE71C, 0x0000, 0x0000, 0x0000, 0x0000, 0x0000,
 0x0000, 0x0000, 0x0000, 0x0000, 0x0000, 0x0000, 0x0000, 0x0000, 0x0000, 0x0000, 0x0000, 0x0000, 0x0000, 0x0000, 0x0000, 0x0000,
 0x0000, 0x0000, 0x0000, 0x0000, 0x0000, 0x0000, 0x0000, 0x0000, 0x0000, 0x0000, 0x0000, 0x0000, 0x0000, 0x0000, 0x0000, 0x0000,
 0x3189, 0x18A7, 0x6B4E, 0x420B, 0x31AA, 0x73B0, 0x1085, 0xCE59, 0x8C32, 0x0004, 0x2108, 0x1066, 0x3168, 0x1088, 0x0006, 0x0004,
 0x0802, 0x0003, 0x0006, 0x0005, 0x630F, 0xD69A, 0xAD55, 0x0845, 0x0007, 0x9495, 0xFFFF, 0x0000, 0x0000, 0x0000, 0x0000, 0x0000,
 0x0000, 0x0000, 0x0000, 0x0000, 0x0000, 0x0000, 0x0000, 0x0000, 0x0000, 0x0000, 0x0000, 0x0000, 0x0000, 0x0000, 0x0000, 0x0000,
 0x0000, 0x0000, 0x0000, 0x0000, 0x0000, 0x0000, 0x0000, 0x0000, 0x0000, 0x0000, 0x0000, 0x0000, 0x0000, 0x0000, 0x0000, 0x0000,
 0x8411, 0x4A4B, 0x5AEF, 0x18C7, 0x8411, 0x18A5, 0x0005, 0x318E, 0x292A, 0x5ACC, 0x39A8, 0x0002, 0x0006, 0x0007, 0x0006, 0x0005,
 0x0003, 0x6B4E, 0xB5B7, 0xAD56, 0xB5B7, 0xC638, 0xC638, 0x83F1, 0x0004, 0xB5B8, 0x0000, 0x0000, 0x0000, 0x0000, 0x0000, 0x0000,
 0x0000, 0x0000, 0x0000, 0x0000, 0x0000, 0x0000, 0x0000, 0x0000, 0x0000, 0x0000, 0x0000, 0x0000, 0x0000, 0x0000, 0x0000, 0x0000,
 0x0000, 0x0000, 0x0000, 0x0000, 0x0000, 0x0000, 0x0000, 0x0000, 0x0000, 0x0000, 0x0000, 0x0000, 0x0000, 0x0000, 0x0000, 0x0000,
 0xA535, 0x18A6, 0x1088, 0x94B4, 0xA514, 0x0003, 0x0006, 0x106C, 0x41EE, 0xCE59, 0xBDD7, 0x18A7, 0x0006, 0x0006, 0x0006, 0x0005,
 0x422B, 0xC618, 0xD699, 0xCE58, 0xC638, 0xC638, 0xBDF7, 0x2907, 0x0005, 0xB5B8, 0x0000, 0x0000, 0x0000, 0x0000, 0x0000, 0x0000,
 0x0000, 0x0000, 0x0000, 0x0000, 0x0000, 0x0000, 0x0000, 0x0000, 0x0000, 0x0000, 0x0000, 0x0000, 0x0000, 0x0000, 0x0000, 0x0000,
 0x0000, 0x0000, 0x0000, 0x0000, 0x0000, 0x0000, 0x0000, 0x0000, 0x0000, 0x0000, 0x0000, 0x0000, 0x0000, 0x0000, 0x0000, 0x0000,
 0xA536, 0x0027, 0x7391, 0xC618, 0x2927, 0x0003, 0x0004, 0x0849, 0x1067, 0x2908, 0x2109, 0x0826, 0x0006, 0x0007, 0x0007, 0x2928,
 0xBDF8, 0xD69A, 0xCE79, 0xC618, 0xC638, 0xCE79, 0x39CA, 0x420A, 0xDEDB, 0xF79E, 0x0000, 0x0000, 0x0000, 0x0000, 0x0000, 0x0000,
 0x0000, 0x0000, 0x0000, 0x0000, 0x0000, 0x0000, 0x0000, 0x0000, 0x0000, 0x0000, 0x0000, 0x0000, 0x0000, 0x0000, 0x0000, 0x0000,
 0x0000, 0x0000, 0x0000, 0x0000, 0x0000, 0x0000, 0x0000, 0x0000, 0x0000, 0x0000, 0x0000, 0x0000, 0x0000, 0x0000, 0x0000, 0x0000,
 0xA515, 0x4A6D, 0xC639, 0xBDD7, 0x1089, 0x104A, 0x7BD2, 0x2108, 0x0005, 0x0006, 0x0006, 0x0006, 0x0005, 0x0005, 0x0003, 0x0802,
 0x736E, 0xD6BA, 0xCE79, 0xA514, 0x20E6, 0x20E9, 0x2109, 0xDEFC, 0x0000, 0x0000, 0x0000, 0x0000, 0x0000, 0x0000, 0x0000, 0x0000,
 0x0000, 0x0000, 0x0000, 0x0000, 0x0000, 0x0000, 0x0000, 0x0000, 0x0000, 0x0000, 0x0000, 0x0000, 0x0000, 0x0000, 0x0000, 0x0000,
 0x0000, 0x0000, 0x0000, 0x0000, 0x0000, 0x0000, 0x0000, 0x0000, 0x0000, 0x0000, 0x0000, 0x0000, 0x0000, 0x0000, 0x0000, 0x0000,
 0xD69A, 0xC618, 0xCE79, 0xBDF8, 0x18AB, 0x106A, 0x94B4, 0xAD56, 0x0847, 0x0028, 0x0006, 0x0004, 0x0004, 0x0003, 0x0004, 0x3147,
 0xC618, 0xCE59, 0xC618, 0x210A, 0x0007, 0x9495, 0xE73D, 0xFFFF, 0x0000, 0x0000, 0x0000, 0x0000, 0x0000, 0x0000, 0x0000, 0x0000,
 0x0000, 0x0000, 0x0000, 0x0000, 0x0000, 0x0000, 0x0000, 0x0000, 0x0000, 0x0000, 0x0000, 0x0000, 0x0000, 0x0000, 0x0000, 0x0000,
 0x0000, 0x0000, 0x0000, 0x0000, 0x0000, 0x0000, 0x0000, 0x0000, 0x0000, 0x0000, 0x0000, 0x0000, 0x0000, 0x0000, 0x0000, 0x0000,
 0x0000, 0xD69A, 0xCE79, 0xC618, 0x1089, 0x0005, 0x8C31, 0x39CC, 0x0007, 0x0007, 0x0007, 0x0007, 0x0005, 0x0004, 0x1085, 0xAD55,
 0xD69A, 0x62ED, 0x1087, 0x420D, 0xE71C, 0xF7BE, 0x0000, 0x0000, 0x0000, 0x0000, 0x0000, 0x0000, 0x0000, 0x0000, 0x0000, 0x0000,
 0x0000, 0x0000, 0x0000, 0x0000, 0x0000, 0x0000, 0x0000, 0x0000, 0x0000, 0x0000, 0x0000, 0x0000, 0x0000, 0x0000, 0x0000, 0x0000,
 0x0000, 0x0000, 0x0000, 0x0000, 0x0000, 0x0000, 0x0000, 0x0000, 0x0000, 0x0000, 0x0000, 0x0000, 0x0000, 0x0000, 0x0000, 0x0000,
 0x0000, 0xD69A, 0xCE79, 0xC618, 0x1067, 0x0005, 0x1065, 0x0026, 0x0006, 0x0006, 0x0007, 0x0006, 0x0005, 0x0824, 0x9492, 0xD6BA,
 0x8C33, 0x0847, 0x18EA, 0xDEFC, 0x0000, 0x0000, 0x0000, 0x0000, 0x0000, 0x0000, 0x0000, 0x0000, 0x0000, 0x0000, 0x0000, 0x0000,
 0x0000, 0x0000, 0x0000, 0x0000, 0x0000, 0x0000, 0x0000, 0x0000, 0x0000, 0x0000, 0x0000, 0x0000, 0x0000, 0x0000, 0x0000, 0x0000,
 0x0000, 0x0000, 0x0000, 0x0000, 0x0000, 0x0000, 0x0000, 0x0000, 0x0000, 0x0000, 0x0000, 0x0000, 0x0000, 0x0000, 0x0000, 0x0000,
 0x0000, 0xDEDB, 0xD69A, 0xBDF8, 0x1086, 0x0005, 0x0006, 0x0005, 0x0827, 0x0828, 0x0006, 0x0004, 0x524B, 0xC638, 0xC618, 0x2949,
 0x10A9, 0x9495, 0xEF7E, 0xFFFF, 0x0000, 0x0000, 0x0000, 0x0000, 0x0000, 0x0000, 0x0000, 0x0000, 0x0000, 0x0000, 0x0000, 0x0000,
 0x0000, 0x0000, 0x0000, 0x0000, 0x0000, 0x0000, 0x0000, 0x0000, 0x0000, 0x0000, 0x0000, 0x0000, 0x0000, 0x0000, 0x0000, 0x0000,
 0x0000, 0x0000, 0x0000, 0x0000, 0x0000, 0x0000, 0x0000, 0x0000, 0x0000, 0x0000, 0x0000, 0x0000, 0x0000, 0x0000, 0x0000, 0x0000,
 0x0000, 0xEF7D, 0xD6BA, 0xDEDB, 0x9494, 0x0006, 0x0005, 0x0005, 0x0028, 0x0006, 0x1066, 0xAD56, 0xBDF8, 0xCE59, 0x41EB, 0x39CC,
 0xE73D, 0xF7BF, 0x0000, 0x0000, 0x0000, 0x0000, 0x0000, 0x0000, 0x0000, 0x0000, 0x0000, 0x0000, 0x0000, 0x0000, 0x0000, 0x0000,
 0x0000, 0x0000, 0x0000, 0x0000, 0x0000, 0x0000, 0x0000, 0x0000, 0x0000, 0x0000, 0x0000, 0x0000, 0x0000, 0x0000, 0x0000, 0x0000,
 0x0000, 0x0000, 0x0000, 0x0000, 0x0000, 0x0000, 0x0000, 0x0000, 0x0000, 0x0000, 0x0000, 0x0000, 0x0000, 0x0000, 0x0000, 0x0000,
 0x0000, 0x0000, 0xEF5D, 0xE71B, 0xA515, 0x0005, 0x0006, 0x0827, 0x0006, 0x0824, 0x9472, 0xCE79, 0xCE79, 0x6B50, 0x18EA, 0xDEDC,
 0x0000, 0x0000, 0x0000, 0x0000, 0x0000, 0x0000, 0x0000, 0x0000, 0x0000, 0x0000, 0x0000, 0x0000, 0x0000, 0x0000, 0x0000, 0x0000,
 0x0000, 0x0000, 0x0000, 0x0000, 0x0000, 0x0000, 0x0000, 0x0000, 0x0000, 0x0000, 0x0000, 0x0000, 0x0000, 0x0000, 0x0000, 0x0000,
 0x0000, 0x0000, 0x0000, 0x0000, 0x0000, 0x0000, 0x0000, 0x0000, 0x0000, 0x0000, 0x0000, 0x0000, 0x0000, 0x0000, 0x0000, 0x0000,
 0x0000, 0x0000, 0x0000, 0xFFFF, 0xBDD8, 0x0004, 0x0844, 0x8C32, 0x0823, 0x6B2E, 0xCE59, 0xAD76, 0x18E8, 0x94B5, 0xF7BE, 0xFFFF,
 0x0000, 0x0000, 0x0000, 0x0000, 0x0000, 0x0000, 0x0000, 0x0000, 0x0000, 0x0000, 0x0000, 0x0000, 0x0000, 0x0000, 0x0000, 0x0000,
 0x0000, 0x0000, 0x0000, 0x0000, 0x0000, 0x0000, 0x0000, 0x0000, 0x0000, 0x0000, 0x0000, 0x0000, 0x0000, 0x0000, 0x0000, 0x0000,
 0x0000, 0x0000, 0x0000, 0x0000, 0x0000, 0x0000, 0x0000, 0x0000, 0x0000, 0x0000, 0x0000, 0x0000, 0x0000, 0x0000, 0x0000, 0x0000,
 0x0000, 0x0000, 0x0000, 0x0000, 0xBDD8, 0x0003, 0x0802, 0x0823, 0x4209, 0xD6BA, 0x4A4A, 0x318B, 0xEF3D, 0xF7BF, 0x0000, 0x0000,
 0x0000, 0x0000, 0x0000, 0x0000, 0x0000, 0x0000, 0x0000, 0x0000, 0x0000, 0x0000, 0x0000, 0x0000, 0x0000, 0x0000, 0x0000, 0x0000,
 0x0000, 0x0000, 0x0000, 0x0000, 0x0000, 0x0000, 0x0000, 0x0000, 0x0000, 0x0000, 0x0000, 0x0000, 0x0000, 0x0000, 0x0000, 0x0000,
 0x0000, 0x0000, 0x0000, 0x0000, 0x0000, 0x0000, 0x0000, 0x0000, 0x0000, 0x0000, 0x0000, 0x0000, 0x0000, 0x0000, 0x0000, 0x0000,

};


const unsigned short attack[] = {
 0x0000, 0x0000, 0x0000, 0x0000, 0x0000, 0x0000, 0x0000, 0x0000, 0x0000, 0x0000, 0x0000, 0x0000, 0x0000, 0x0000, 0x0000, 0x0000,
 0x0000, 0x0000, 0x0000, 0x0000, 0x0000, 0x0000, 0x0000, 0x0000, 0x0000, 0x0000, 0x0841, 0x8410, 0x8C71, 0x8C71, 0x8C71, 0xC4B2,
 0xE491, 0xE4D2, 0xECF2, 0x932C, 0x0000, 0x0000, 0x0000, 0x0000, 0x0000, 0x0000, 0x0000, 0x0000, 0x0000, 0x0000, 0x0000, 0x0000,
 0x0000, 0x0000, 0x0000, 0x0000, 0x0000, 0x0000, 0x0000, 0x0000, 0x0000, 0x0000, 0x0000, 0x0000, 0x0000, 0x0000, 0x0000, 0x0000,
 0x0000, 0x0000, 0x10A2, 0xF7BE, 0xFFFF, 0xFFFF, 0xFFFF, 0xE450, 0xC143, 0xC9C6, 0xDA06, 0x8123, 0x0000, 0x0000, 0x0000, 0x0000,
 0x0000, 0x0000, 0x0000, 0x0000, 0x0000, 0x0000, 0x0000, 0x0000, 0x0000, 0x0000, 0x0000, 0x0000, 0x0000, 0x0000, 0x0000, 0x0000,
 0x0000, 0x0000, 0x0000, 0x0000, 0x0000, 0x0000, 0x0000, 0x0000, 0x0000, 0x0000, 0x1082, 0xE75D, 0xFFFF, 0xFFFF, 0xFFFF, 0xDC70,
 0xC9C5, 0xCA47, 0xDA68, 0x8165, 0x0000, 0x0000, 0x0000, 0x0000, 0x0000, 0x0000, 0x0000, 0x0000, 0x0000, 0x0000, 0x0000, 0x0000,
 0x0000, 0x0000, 0x0000, 0x0000, 0x0000, 0x0000, 0x0000, 0x0000, 0x0000, 0x0000, 0x0000, 0x0000, 0x0000, 0x0000, 0x0000, 0x0000,
 0x0000, 0x0000, 0x0000, 0xE492, 0xFD75, 0xFD34, 0xFD55, 0xEB6D, 0xD227, 0xDA68, 0xEA89, 0x8985, 0x0000, 0x0000, 0x0000, 0x0000,
 0x0000, 0x0000, 0x0000, 0x0000, 0x0000, 0x0000, 0x0000, 0x0000, 0x0000, 0x0000, 0x0000, 0x0000, 0x0000, 0x0000, 0x0000, 0x0000,
 0x0000, 0x0000, 0x0000, 0x0000, 0x0000, 0x0000, 0x10A2, 0x4249, 0x4249, 0x4249, 0x5249, 0xDB2C, 0xF34D, 0xF34C, 0xF36D, 0xB228,
 0x9185, 0x91A5, 0x99C6, 0x6103, 0x0000, 0x0000, 0x0000, 0x0000, 0x0000, 0x0000, 0x0000, 0x0000, 0x0000, 0x0000, 0x0000, 0x0000,
 0x0000, 0x0000, 0x0000, 0x0000, 0x0000, 0x0000, 0x0000, 0x0000, 0x0000, 0x0000, 0x0000, 0x0000, 0x0000, 0x0000, 0x52AA, 0xFFFF,
 0xFFFF, 0xFFFF, 0xFFFF, 0xD2CA, 0xC1E6, 0xCA27, 0xD248, 0x40A2, 0x0000, 0x0000, 0x0000, 0x0000, 0x0000, 0x0000, 0x0000, 0x0000,
 0x0000, 0x0000, 0x0000, 0x0000, 0x0000, 0x0000, 0x0000, 0x0000, 0x0000, 0x0000, 0x0000, 0x0000, 0x0000, 0x0000, 0x0000, 0x0000,
 0x0000, 0x0000, 0x0000, 0x0000, 0x0000, 0x0000, 0x4165, 0xFD34, 0xFD14, 0xFD14, 0xFCD3, 0xDAA9, 0xDA47, 0xDA68, 0xEA89, 0x48E3,
 0x0000, 0x0000, 0x0000, 0x0000, 0x0000, 0x0000, 0x0000, 0x0000, 0x0000, 0x0000, 0x0000, 0x0000, 0x0000, 0x0000, 0x0000, 0x0000,
 0x0000, 0x0000, 0x0000, 0x0000, 0x0000, 0x0020, 0x528A, 0x5B0C, 0x5B0C, 0x5B0C, 0x5A08, 0x5945, 0x5986, 0x5986, 0x8A08, 0xEB4C,
 0xF32C, 0xF34C, 0xE30B, 0x89A5, 0x8164, 0x8165, 0x8985, 0x2881, 0x0000, 0x0000, 0x0000, 0x0000, 0x0000, 0x0000, 0x0000, 0x0000,
 0x0000, 0x0020, 0x0020, 0x0020, 0x0020, 0x0020, 0x0020, 0x0020, 0x0020, 0x0020, 0x0000, 0x0000, 0x0000, 0x1082, 0xEF7D, 0xFFFF,
 0xFFFF, 0xFFFF, 0xFDF7, 0xFBEF, 0xFC51, 0xFC71, 0xFB8D, 0xC206, 0xC207, 0xCA27, 0xB1E6, 0x0800, 0x0000, 0x0000, 0x0000, 0x0000,
 0x0000, 0x0000, 0x0000, 0x0000, 0x0000, 0x0000, 0x0000, 0x0000, 0x0000, 0xBE59, 0xE77D, 0xE77D, 0xE77D, 0xE77D, 0xE77D, 0xE77D,
 0xE77D, 0xE659, 0xE36E, 0xE38E, 0xE3AE, 0xE3AE, 0xE32C, 0xE30B, 0xE32B, 0xE32B, 0xE2EA, 0xE2A9, 0xE2A9, 0xF2CA, 0xA1E6, 0x1841,
 0x1841, 0x1841, 0x1840, 0x0000, 0x0000, 0x0000, 0x0000, 0x0000, 0x0000, 0x0000, 0x0000, 0x0000, 0x0000, 0x0000, 0x0000, 0x0000,
 0x73AE, 0xDD75, 0xF595, 0xF5B6, 0xF5B6, 0xF5B6, 0xF5B6, 0xF5B6, 0xF5B6, 0xF513, 0xF34C, 0xF34C, 0xF36D, 0xEB2C, 0x7944, 0x68E3,
 0x6903, 0x6903, 0x6903, 0x6924, 0x6924, 0x7144, 0x48C2, 0x0000, 0x0000, 0x0000, 0x0000, 0x0000, 0x0000, 0x0000, 0x0000, 0x0000,
 0x0000, 0x0000, 0x0000, 0x0000, 0x0000, 0x0000, 0x0000, 0x0000, 0xFFFF, 0xD2CA, 0xC164, 0xC9C5, 0xC9C5, 0xC9C5, 0xC9C5, 0xC9C5,
 0xC9C5, 0xC9E6, 0xCA27, 0xCA07, 0xCA27, 0xB9E6, 0x0800, 0x0000, 0x0000, 0x0000, 0x0000, 0x0000, 0x0000, 0x0000, 0x0000, 0x0000,
 0x0000, 0x0000, 0x0000, 0x0000, 0x0000, 0x0000, 0x0000, 0x0000, 0x0000, 0x0000, 0x0000, 0x0000, 0x0000, 0x0000, 0x0000, 0x0000,

};
const unsigned short attackDrone[] = {
 0x0000, 0x0000, 0x0000, 0x0000, 0x0000, 0x0000, 0x0000, 0x0000, 0x0000, 0x0000, 0x0000, 0x0000, 0x0000, 0x0000, 0x0000, 0x0000,
 0x0000, 0x0000, 0x0000, 0x0000, 0x0000, 0x0000, 0x0000, 0x0000, 0x0000, 0x0000, 0x0000, 0x0000, 0x0000, 0x0000, 0x0000, 0x0000,
 0x0000, 0x0000, 0x0000, 0x0000, 0x0000, 0x0000, 0x0000, 0x0000, 0x0000, 0x0000, 0x0000, 0x0000, 0x0000, 0x0000, 0x0000, 0x0000,
 0x0000, 0x0000, 0x0000, 0x0000, 0x0000, 0x0000, 0x0000, 0x0000, 0x0000, 0x0000, 0x0000, 0x0000, 0x0000, 0x0000, 0x0000, 0x0000,
 0x0000, 0x0000, 0x0000, 0x0000, 0x0000, 0x0000, 0x0000, 0x0000, 0x0000, 0x0000, 0x0000, 0x0000, 0x0000, 0x0000, 0x0000, 0x0000,
 0x0000, 0x0000, 0x0000, 0x0000, 0x0000, 0x0000, 0x0000, 0x0000, 0x0000, 0x0000, 0x0000, 0x0000, 0x0000, 0x0000, 0x0000, 0x0000,
 0x0000, 0x0000, 0x0000, 0x0000, 0x0000, 0x0000, 0x0000, 0x0000, 0x0000, 0x0000, 0x0000, 0x0000, 0x0000, 0x0000, 0x0000, 0x0000,
 0x0000, 0x1082, 0x1082, 0x1082, 0x0000, 0x0000, 0x0000, 0x0000, 0x0000, 0x0000, 0x0000, 0x0000, 0x0000, 0x0000, 0x0000, 0x0000,
 0x0000, 0x0000, 0x0000, 0x0000, 0x0000, 0x0000, 0x0000, 0x0000, 0x0000, 0x0000, 0x0000, 0x0000, 0x0000, 0x0000, 0x0000, 0x0000,
 0x1082, 0x1082, 0x1082, 0x0000, 0x0000, 0x0000, 0x0000, 0x0000, 0x0000, 0x0000, 0x0000, 0x0000, 0x0000, 0x0000, 0x0000, 0x0000,
 0x0000, 0x0000, 0x0000, 0x0000, 0x1082, 0x1142, 0x1142, 0x1142, 0x1082, 0x0000, 0x0000, 0x0000, 0x0000, 0x0000, 0x0000, 0x0000,
 0x0000, 0x0000, 0x0000, 0x0000, 0x0000, 0x0000, 0x0000, 0x0000, 0x0000, 0x0000, 0x0000, 0x0000, 0x0000, 0x0000, 0x0000, 0x0000,
 0x0000, 0x0000, 0x0000, 0x18E3, 0x19C4, 0x19C3, 0x19C4, 0x1082, 0x0000, 0x0000, 0x0000, 0x0000, 0x0000, 0x0000, 0x0000, 0x0000,
 0x0000, 0x0000, 0x0000, 0x0000, 0x0000, 0x0000, 0xBB8E, 0xBB2C, 0x31A6, 0x3A47, 0x3A47, 0x63AD, 0x4A69, 0xBB8E, 0x0000, 0x0000,
 0x0000, 0x0000, 0x0000, 0x0000, 0x0000, 0x0000, 0x0000, 0x0000, 0x0000, 0x0000, 0x0000, 0x0000, 0x0000, 0x0000, 0x0000, 0x0000,
 0x0000, 0x0000, 0x0000, 0x0000, 0x0000, 0x0000, 0xBB8E, 0x4A69, 0x63AD, 0x534B, 0x534B, 0x4A69, 0xBB2C, 0xBB8E, 0x0000, 0x0000,
 0x0000, 0x0000, 0x0000, 0x0000, 0x0000, 0x0000, 0x0000, 0xBB8E, 0xBB8E, 0xBB8E, 0xBB8E, 0xBB8E, 0x31A6, 0x42E9, 0x4C2A, 0x8652,
 0x6C6E, 0x5AEB, 0x5AEB, 0xBB8E, 0xBB8E, 0x0000, 0x0000, 0x0000, 0x0000, 0x1082, 0x1082, 0x0000, 0x0000, 0x0000, 0x0000, 0x0000,
 0x0000, 0x18E3, 0x18E3, 0x0000, 0x0000, 0x0000, 0x0000, 0xBB8E, 0xBB8E, 0x5AEB, 0x5AEB, 0x6C6E, 0x8E53, 0x6D0F, 0x9E95, 0x4A69,
 0xBB8E, 0xBB8E, 0xBB8E, 0xBB8E, 0xBB8E, 0x0000, 0x0000, 0x0000, 0x0000, 0xBB8E, 0xBB8E, 0xBB8E, 0xBB8E, 0xBB8E, 0xBB8E, 0xBB8E,
 0x4A69, 0x4A69, 0x6D0F, 0x7D50, 0x6C6E, 0x63AD, 0x63AD, 0x5AEB, 0x5AEB, 0xBB8E, 0xBB8E, 0x0000, 0x1082, 0x1142, 0x1142, 0x1084,
 0x0861, 0x0861, 0x0861, 0x1082, 0x18E3, 0x2AE6, 0x22A5, 0x18E3, 0x0000, 0xBB8E, 0xBB8E, 0x5AEB, 0x5AEB, 0x63AD, 0x63AD, 0x6C6E,
 0x7D50, 0xB6F8, 0x9E95, 0x5AEB, 0xBB8E, 0xBB8E, 0xBB8E, 0xBB8E, 0xBB8E, 0xBB8E, 0xBB8E, 0x0000, 0xBB8E, 0xBB8E, 0xBB8E, 0xBB8E,
 0xBB8E, 0xBB8E, 0xBB8E, 0xBB8E, 0x5AEB, 0x6C6E, 0x6C6E, 0x6C6E, 0x5AEB, 0x6C6E, 0x7D50, 0x63AD, 0x63AD, 0x5AEB, 0xBB8E, 0xBB8E,
 0x1082, 0x1142, 0x1142, 0x0861, 0x1A04, 0x1A04, 0x2AE6, 0x2AE6, 0x1082, 0x2AE6, 0x2AE6, 0x18E3, 0xBB8E, 0xBB8E, 0x5AEB, 0x63AD,
 0x63AD, 0x7D50, 0x6C6E, 0x5AEB, 0x6C6E, 0xB6B7, 0xB6B7, 0x5AEB, 0xBB8E, 0xBB8E, 0xBB8E, 0xBB8E, 0xBB8E, 0xBB8E, 0xBB8E, 0xBB8E,
 0xBB8E, 0xBB8E, 0xBB8E, 0xBB8E, 0xBB8E, 0xBB8E, 0xBB8E, 0xBB8E, 0xBB8E, 0x63AD, 0x5AEB, 0x63AD, 0xBB8E, 0x5AEB, 0x7D50, 0x7D50,
 0x63AD, 0x63AD, 0x5AEB, 0x5AEB, 0x0861, 0x2B47, 0x1A04, 0x19C4, 0x19C4, 0x08E2, 0x08E2, 0x19C4, 0x19C4, 0x44CB, 0x6EB0, 0x1084,
 0x5AEB, 0x5AEB, 0x63AD, 0x63AD, 0x7D50, 0x7D50, 0x5AEB, 0xBB8E, 0x534B, 0x5AEB, 0x63AD, 0xBB8E, 0xBB8E, 0xBB8E, 0xBB8E, 0xBB8E,
 0xBB8E, 0xBB8E, 0xBB8E, 0xBB8E, 0xBB8E, 0xBB8E, 0xBB8E, 0xBB8E, 0xBB2C, 0xBB2C, 0xBB2C, 0xBB2C, 0xBB8E, 0xBB8E, 0xBB8E, 0xBB8E,
 0xBB2C, 0xBB2C, 0x5AEB, 0x5AEB, 0x7D50, 0x7D50, 0x63AD, 0x6C6E, 0x0861, 0x2B47, 0x18E3, 0x2AE6, 0x1084, 0x1084, 0x1084, 0x1084,
 0x2AE6, 0x19C4, 0x6EB0, 0x18E3, 0x6C6E, 0x63AD, 0x7D50, 0x7D50, 0x5AEB, 0x5AEB, 0xBB2C, 0xBB2C, 0xBB8E, 0xBB8E, 0xBB8E, 0xBB8E,
 0xBB8E, 0xBB2C, 0xBB2C, 0xBB2C, 0xBB8E, 0xBB8E, 0xBB8E, 0xBB8E, 0x0000, 0xBB8E, 0xBB2C, 0xBB2C, 0xBB2C, 0xBB2C, 0xBB8E, 0xBB8E,
 0xBB8E, 0xBB8E, 0xBB8E, 0xBB8E, 0xBB8E, 0xBB8E, 0xBB2C, 0x4A69, 0x6C6E, 0x8E53, 0x7D50, 0x19C4, 0x1102, 0x1142, 0x1142, 0x19C4,
 0x2128, 0x001F, 0x001F, 0x2128, 0x19C4, 0x19C4, 0x2AE6, 0x2265, 0x19C4, 0x7D50, 0x8E53, 0x6C6E, 0x4A69, 0xBB2C, 0xBB2C, 0xBB2C,
 0xBB8E, 0xBB8E, 0xBB8E, 0xBB8E, 0xBB8E, 0xBB8E, 0xBB2C, 0xBB2C, 0xBB2C, 0xBB2C, 0xBB8E, 0x0000, 0x0000, 0x0000, 0x0000, 0xBB2C,
 0xBB8E, 0xBB2C, 0xBB8E, 0xBB8E, 0xBB8E, 0xBB8E, 0xBB8E, 0xBB8E, 0xBB8E, 0xBB8E, 0xBB8E, 0xBB8E, 0x5AEB, 0x1082, 0x662F, 0x458A,
 0x08A1, 0x1142, 0x1142, 0x2AE6, 0x2128, 0x1084, 0x1084, 0x2128, 0x2AE6, 0x19C4, 0x2AE6, 0x1183, 0x662F, 0x662F, 0x1082, 0x4A69,
 0xBB2C, 0xBB8E, 0xBB8E, 0xBB8E, 0xBB8E, 0xBB8E, 0xBB8E, 0xBB8E, 0xBB8E, 0xBB8E, 0xBB8E, 0xBB8E, 0xBB8E, 0x0000, 0x0000, 0x0000,
 0x0000, 0x0000, 0x0000, 0x0000, 0x0000, 0x0000, 0xBB8E, 0xBB8E, 0xBB8E, 0xBB8E, 0xBB8E, 0xBB8E, 0xBB8E, 0xBB8E, 0x0000, 0x0000,
 0x0000, 0x0000, 0x18E3, 0x2AE6, 0x19C3, 0x1142, 0x1A04, 0x19C4, 0x1084, 0x001F, 0x001F, 0x1084, 0x19C4, 0x2AE6, 0x2AE6, 0x3448,
 0x2AE6, 0x1082, 0x0000, 0x0000, 0x0000, 0x0000, 0xBB8E, 0xBB8E, 0xBB8E, 0xBB8E, 0xBB8E, 0xBB8E, 0xBB8E, 0xBB8E, 0x0000, 0x0000,
 0x0000, 0x0000, 0x0000, 0x0000, 0x0000, 0x0000, 0x0000, 0x0000, 0x0000, 0x0000, 0x0000, 0x0000, 0x0000, 0x0000, 0x0000, 0x0000,
 0x0000, 0x0000, 0x0000, 0x0000, 0x0000, 0x0000, 0x0000, 0x18E3, 0x1102, 0x1A04, 0x2AE6, 0x1183, 0x1084, 0x1084, 0x1084, 0x1084,
 0x1183, 0x2AE6, 0x44CB, 0x2265, 0x1082, 0x0000, 0x0000, 0x0000, 0x0000, 0x0000, 0x0000, 0x0000, 0x0000, 0x0000, 0x0000, 0x0000,
 0x0000, 0x0000, 0x0000, 0x0000, 0x0000, 0x0000, 0x0000, 0x0000, 0x0000, 0x0000, 0x0000, 0x0000, 0x0000, 0x0000, 0x0000, 0x0000,
 0x0000, 0x0000, 0x0000, 0x0000, 0x0000, 0x0000, 0x0000, 0x0000, 0x0000, 0x0000, 0x0000, 0x0000, 0x0861, 0x2B47, 0x2AE6, 0x2265,
 0xFFFF, 0x2128, 0x2128, 0xFFFF, 0x2265, 0x2AE6, 0x6EB0, 0x18E3, 0x0000, 0x0000, 0x0000, 0x0000, 0x0000, 0x0000, 0x0000, 0x0000,
 0x0000, 0x0000, 0x0000, 0x0000, 0x0000, 0x0000, 0x0000, 0x0000, 0x0000, 0x0000, 0x0000, 0x0000, 0x0000, 0x0000, 0x0000, 0x0000,
 0x0000, 0x0000, 0x0000, 0x0000, 0x0000, 0x0000, 0x0000, 0x0000, 0x0000, 0x0000, 0x0000, 0x0000, 0x0000, 0x0000, 0x0000, 0x0000,
 0x1082, 0x2B47, 0x1183, 0xFFFF, 0x2128, 0x001F, 0x001F, 0x2128, 0xFFFF, 0x1183, 0x6EB0, 0x18E3, 0x0000, 0x0000, 0x0000, 0x0000,
 0x0000, 0x0000, 0x0000, 0x0000, 0x0000, 0x0000, 0x0000, 0x0000, 0x0000, 0x0000, 0x0000, 0x0000, 0x0000, 0x0000, 0x0000, 0x0000,
 0x0000, 0x0000, 0x0000, 0x0000, 0x0000, 0x0000, 0x0000, 0x0000, 0x0000, 0x0000, 0x0000, 0x0000, 0x0000, 0x0000, 0x0000, 0x0000,
 0x0000, 0x0000, 0x0000, 0x0000, 0x0861, 0x1A04, 0x08E2, 0xFFFF, 0x001F, 0x8C7F, 0x8C7F, 0x001F, 0xFFFF, 0x08E2, 0x44CB, 0x18E3,
 0x0000, 0x0000, 0x0000, 0x0000, 0x0000, 0x0000, 0x0000, 0x0000, 0x0000, 0x0000, 0x0000, 0x0000, 0x0000, 0x0000, 0x0000, 0x0000,
 0x0000, 0x0000, 0x0000, 0x0000, 0x0000, 0x0000, 0x0000, 0x0000, 0x0000, 0x0000, 0x0000, 0x0000, 0x0000, 0x0000, 0x0000, 0x0000,
 0x0000, 0x0000, 0x0000, 0x0000, 0x0000, 0x0000, 0x0000, 0x1082, 0x1082, 0x1142, 0x08E2, 0xFFFF, 0x2128, 0x001F, 0x001F, 0x2128,
 0xFFFF, 0x08E2, 0x2AE6, 0x18E3, 0x1082, 0x0000, 0x0000, 0x0000, 0x0000, 0x0000, 0x0000, 0x0000, 0x0000, 0x0000, 0x0000, 0x0000,
 0x0000, 0x0000, 0x0000, 0x0000, 0x0000, 0x0000, 0x0000, 0x0000, 0x0000, 0x0000, 0x0000, 0x0000, 0x0000, 0x0000, 0x0000, 0x0000,
 0x0000, 0x0000, 0x0000, 0x0000, 0x0000, 0x0000, 0x0000, 0x0000, 0x0000, 0x0000, 0x1082, 0x1142, 0x0861, 0x1142, 0x19C4, 0x2265,
 0xFFFF, 0x2128, 0x2128, 0xFFFF, 0x22A5, 0x19C3, 0x2AE6, 0x1183, 0x19C4, 0x0861, 0x0000, 0x0000, 0x0000, 0x0000, 0x0000, 0x0000,
 0x0000, 0x0000, 0x0000, 0x0000, 0x0000, 0x0000, 0x0000, 0x0000, 0x0000, 0x0000, 0x0000, 0x0000, 0x0000, 0x0000, 0x0000, 0x0000,
 0x0000, 0x0000, 0x0000, 0x0000, 0x0000, 0x0000, 0x0000, 0x0000, 0x0000, 0x0000, 0x0000, 0x0000, 0x0000, 0x1082, 0x19C4, 0x1142,
 0x08E2, 0x1142, 0x19C4, 0x2265, 0x22A5, 0x19C4, 0x19C4, 0x2265, 0x2265, 0x19C3, 0x2AE6, 0x2265, 0x19C4, 0x19C4, 0x0861, 0x0000,
 0x0000, 0x0000, 0x0000, 0x0000, 0x0000, 0x0000, 0x0000, 0x0000, 0x0000, 0x0000, 0x0000, 0x0000, 0x0000, 0x0000, 0x0000, 0x0000,
 0x0000, 0x0000, 0x0000, 0x0000, 0x0000, 0x0000, 0x0000, 0x0000, 0x0000, 0x0000, 0x0000, 0x0000, 0x0000, 0x0000, 0x0000, 0x1082,
 0x1082, 0x1183, 0x19C3, 0x2B47, 0x19C3, 0x1142, 0x2AE6, 0x446A, 0x446A, 0x446A, 0x3448, 0x446A, 0x446A, 0x2AE6, 0x2AE6, 0x3448,
 0x4C2A, 0x19C3, 0x19C4, 0x1082, 0x1082, 0x0000, 0x0000, 0x0000, 0x0000, 0x0000, 0x0000, 0x0000, 0x0000, 0x0000, 0x0000, 0x0000,
 0x0000, 0x0000, 0x0000, 0x0000, 0x0000, 0x0000, 0x0000, 0x0000, 0x0000, 0x0000, 0x0000, 0x0000, 0x0000, 0x0000, 0x0000, 0x0000,
 0x0000, 0x1082, 0x1082, 0x19C3, 0x19C3, 0x662F, 0x662F, 0x1A04, 0x1102, 0x1142, 0x2AE6, 0x446A, 0xFFFF, 0xFFFF, 0xFFFF, 0xFFFF,
 0x446A, 0x44CB, 0x2AE6, 0x2265, 0x2AE6, 0x662F, 0x662F, 0x19C3, 0x19C4, 0x1082, 0x1082, 0x0000, 0x0000, 0x0000, 0x0000, 0x0000,
 0x0000, 0x0000, 0x0000, 0x0000, 0x0000, 0x0000, 0x0000, 0x0000, 0x0000, 0x0000, 0x0000, 0x0000, 0x0000, 0x0000, 0x0000, 0x0000,
 0x0000, 0x0000, 0x0000, 0x0000, 0x1082, 0x19C4, 0x1183, 0x19C4, 0x662F, 0x446A, 0x2AE6, 0x1082, 0x0861, 0x1142, 0x4C2A, 0x662F,
 0x446A, 0x3448, 0x446A, 0x446A, 0x662F, 0x662F, 0x2AE6, 0x18E3, 0x1082, 0x2AE6, 0x446A, 0x662F, 0x19C3, 0x19C4, 0x19C3, 0x1082,
 0x0000, 0x0000, 0x0000, 0x0000, 0x0000, 0x0000, 0x0000, 0x0000, 0x0000, 0x0000, 0x0000, 0x0000, 0x0000, 0x0000, 0x0000, 0x0000,
 0x0000, 0x0000, 0x0000, 0x0000, 0x1082, 0x1082, 0x1082, 0x1082, 0x19C3, 0x2AE6, 0x662F, 0x662F, 0x2AE6, 0x18E3, 0x1082, 0x0000,
 0x1082, 0x1A04, 0x2AE6, 0x662F, 0xFFFF, 0xFFFF, 0xFFFF, 0xFFFF, 0x662F, 0x44CB, 0x44CB, 0x18E3, 0x0000, 0x18E3, 0x1082, 0x2AE6,
 0x662F, 0x662F, 0x2AE6, 0x19C4, 0x1082, 0x1082, 0x0861, 0x1082, 0x0000, 0x0000, 0x0000, 0x0000, 0x0000, 0x0000, 0x0000, 0x0000,
 0x0000, 0x0000, 0x0000, 0x0000, 0x0000, 0x0000, 0x0000, 0x1084, 0x1A04, 0x1142, 0x19C4, 0x19C4, 0x2AE6, 0x662F, 0x446A, 0x1082,
 0x1082, 0x0000, 0x0000, 0x0000, 0x1082, 0x1A04, 0x2B47, 0x662F, 0x662F, 0x662F, 0x662F, 0x662F, 0x662F, 0x6EB0, 0x44CB, 0x18E3,
 0x0000, 0x0000, 0x0000, 0x18E3, 0x1082, 0x446A, 0x662F, 0x2AE6, 0x19C4, 0x19C4, 0x19C4, 0x2AE6, 0x1082, 0x0000, 0x0000, 0x0000,
 0x0000, 0x0000, 0x0000, 0x0000, 0x0000, 0x0000, 0x0000, 0x0000, 0x0000, 0x0000, 0x0000, 0x1082, 0x1A04, 0x2B47, 0x2AE6, 0x2AE6,
 0x42E9, 0x1082, 0x08E2, 0x0000, 0x0000, 0x0000, 0x0000, 0x0000, 0x18E3, 0x1A04, 0x2B47, 0x458A, 0xFFFF, 0xFFFF, 0xFFFF, 0xFFFF,
 0x9F58, 0x6EB0, 0x44CB, 0x18E3, 0x0000, 0x0000, 0x0000, 0x0000, 0x0000, 0x18E3, 0x1082, 0x2AE6, 0x2AE6, 0x2AE6, 0x446A, 0x2AE6,
 0x1082, 0x0000, 0x0000, 0x0000, 0x0000, 0x0000, 0x0000, 0x0000, 0x0000, 0x0000, 0x0000, 0x0000, 0x0000, 0x0000, 0xBB8E, 0x31A6,
 0x42E9, 0x4C2A, 0x6D0F, 0x4A69, 0x4A69, 0xBB8E, 0x0000, 0x0000, 0x0000, 0x0000, 0x0000, 0x0000, 0x0000, 0x18E3, 0x1A04, 0x2B47,
 0x458A, 0x662F, 0x662F, 0x9F58, 0x6EB0, 0x44CB, 0x18E3, 0x0000, 0x0000, 0x0000, 0x0000, 0x0000, 0x0000, 0x0000, 0xBB8E, 0x5AEB,
 0x4A69, 0x6D0F, 0x6D0F, 0x9E95, 0x4A69, 0xBB8E, 0x0000, 0x0000, 0x0000, 0x0000, 0x0000, 0x0000, 0x0000, 0x0000, 0x0000, 0xBB8E,
 0xBB8E, 0xBB8E, 0xBB8E, 0x4208, 0x42E9, 0x6D0F, 0x640C, 0x4A69, 0xBB8E, 0xBB8E, 0xBB8E, 0xBB8E, 0xBB8E, 0x0000, 0x0000, 0x0000,
 0x0000, 0x0000, 0x1082, 0x2265, 0x1A04, 0x4C2A, 0x6EB0, 0x44CB, 0x44CB, 0x18E3, 0x0000, 0x0000, 0x0000, 0x0000, 0x0000, 0xBB8E,
 0xBB8E, 0xBB8E, 0xBB8E, 0xBB8E, 0x4A69, 0x640C, 0x6D0F, 0x9E95, 0x5AEB, 0xBB8E, 0xBB8E, 0xBB8E, 0xBB8E, 0x0000, 0x0000, 0x0000,
 0x0000, 0xBB8E, 0xBB8E, 0xBB8E, 0xBB8E, 0xBB8E, 0xBB8E, 0x5AEB, 0x6C6E, 0x6C6E, 0x640C, 0x5AEB, 0xBB8E, 0xBB8E, 0xBB8E, 0xBB8E,
 0xBB8E, 0xBB8E, 0xBB8E, 0x0000, 0x0000, 0x0000, 0x0000, 0x1082, 0x1A04, 0x1A04, 0x44CB, 0x44CB, 0x18E3, 0x0000, 0x0000, 0x0000,
 0x0000, 0xBB8E, 0xBB8E, 0xBB8E, 0xBB8E, 0xBB8E, 0xBB8E, 0xBB8E, 0x5AEB, 0x6C6E, 0x9E95, 0xB6B7, 0x5AEB, 0xBB8E, 0xBB8E, 0xBB8E,
 0xBB8E, 0xBB8E, 0xBB8E, 0x0000, 0xBB8E, 0xBB8E, 0xBB8E, 0xBB8E, 0xBB8E, 0xBB8E, 0xBB8E, 0x5AEB, 0x6C6E, 0x6C6E, 0x6C6E, 0x5AEB,
 0xBB8E, 0xBB8E, 0xBB8E, 0xBB8E, 0xBB8E, 0xBB8E, 0xBB8E, 0xBB8E, 0x0000, 0x0000, 0x0000, 0x0000, 0x18E3, 0x0861, 0x18E3, 0x18E3,
 0x0000, 0x0000, 0x0000, 0x0000, 0xBB8E, 0xBB8E, 0xBB8E, 0xBB8E, 0xBB8E, 0xBB8E, 0xBB8E, 0xBB8E, 0x5AEB, 0x6C6E, 0xB6F8, 0xB6B7,
 0x5AEB, 0xBB8E, 0xBB8E, 0xBB8E, 0xBB8E, 0xBB8E, 0xBB8E, 0xBB8E, 0xBB8E, 0xBB8E, 0xBB8E, 0xBB8E, 0xBB8E, 0xBB8E, 0xBB8E, 0xBB8E,
 0x5AEB, 0x5AEB, 0x5AEB, 0xBB8E, 0xBB8E, 0xBB8E, 0xBB8E, 0xBB8E, 0xBB8E, 0xBB8E, 0xBB8E, 0xBB8E, 0x0000, 0x0000, 0x0000, 0x0000,
 0x0000, 0x0000, 0x0000, 0x0000, 0x0000, 0x0000, 0x0000, 0x0000, 0xBB8E, 0xBB8E, 0xBB8E, 0xBB8E, 0xBB8E, 0xBB8E, 0xBB8E, 0xBB8E,
 0xBB8E, 0x5AEB, 0x5AEB, 0x5AEB, 0xBB8E, 0xBB8E, 0xBB8E, 0xBB8E, 0xBB8E, 0xBB8E, 0xBB8E, 0xBB8E, 0xBB8E, 0xBB8E, 0xBB8E, 0xBB8E,
 0xBB2C, 0xBB2C, 0xBB2C, 0xBB2C, 0xBB8E, 0xBB8E, 0xBB8E, 0xBB8E, 0xBB2C, 0xBB2C, 0xBB8E, 0xBB8E, 0xBB8E, 0xBB8E, 0xBB8E, 0xBB8E,
 0x0000, 0x0000, 0x0000, 0x0000, 0x0000, 0x0000, 0x0000, 0x0000, 0x0000, 0x0000, 0x0000, 0x0000, 0xBB8E, 0xBB8E, 0xBB8E, 0xBB8E,
 0xBB8E, 0xBB8E, 0xBB2C, 0xBB2C, 0xBB8E, 0xBB8E, 0xBB8E, 0xBB8E, 0xBB2C, 0xBB2C, 0xBB2C, 0xBB2C, 0xBB8E, 0xBB8E, 0xBB8E, 0xBB8E,
 0x0000, 0xBB8E, 0xBB2C, 0xBB2C, 0xBB2C, 0xBB2C, 0xBB2C, 0xBB8E, 0xBB8E, 0xBB8E, 0xBB8E, 0xBB8E, 0xBB2C, 0xBB2C, 0xBB2C, 0xBB2C,
 0xBB8E, 0xBB8E, 0xBB8E, 0x0000, 0x0000, 0x0000, 0x0000, 0x0000, 0x0000, 0x0000, 0x0000, 0x0000, 0x0000, 0x0000, 0x0000, 0x0000,
 0x0000, 0xBB8E, 0xBB8E, 0xBB8E, 0xBB2C, 0xBB2C, 0xBB2C, 0xBB2C, 0xBB8E, 0xBB8E, 0xBB8E, 0xBB8E, 0xBB8E, 0xBB2C, 0xBB2C, 0xBB2C,
 0xBB2C, 0xBB2C, 0xBB8E, 0x0000, 0x0000, 0x0000, 0x0000, 0xBB2C, 0xBB2C, 0xBB2C, 0xBB8E, 0xBB8E, 0xBB8E, 0xBB8E, 0xBB8E, 0xBB8E,
 0xBB8E, 0xBB8E, 0xBB2C, 0xBB2C, 0xBB2C, 0x0000, 0x0000, 0x0000, 0x0000, 0x0000, 0x0000, 0x0000, 0x0000, 0x0000, 0x0000, 0x0000,
 0x0000, 0x0000, 0x0000, 0x0000, 0x0000, 0x0000, 0x0000, 0xBB2C, 0xBB2C, 0xBB2C, 0xBB8E, 0xBB8E, 0xBB8E, 0xBB8E, 0xBB8E, 0xBB8E,
 0xBB8E, 0xBB8E, 0xBB2C, 0xBB2C, 0xBB2C, 0x0000, 0x0000, 0x0000, 0x0000, 0x0000, 0x0000, 0x0000, 0x0000, 0x0000, 0xBB8E, 0xBB8E,
 0xBB8E, 0xBB8E, 0xBB8E, 0xBB8E, 0xBB8E, 0xBB8E, 0x0000, 0x0000, 0x0000, 0x0000, 0x0000, 0x0000, 0x0000, 0x0000, 0x0000, 0x0000,
 0x0000, 0x0000, 0x0000, 0x0000, 0x0000, 0x0000, 0x0000, 0x0000, 0x0000, 0x0000, 0x0000, 0x0000, 0x0000, 0x0000, 0xBB8E, 0xBB8E,
 0xBB8E, 0xBB8E, 0xBB8E, 0xBB8E, 0xBB8E, 0xBB8E, 0x0000, 0x0000, 0x0000, 0x0000, 0x0000, 0x0000,
};



const unsigned short passiveDrone[] = {
 0x0000, 0x0000, 0x0000, 0x0000, 0x0000, 0x0000, 0x0000, 0x0000, 0x0000, 0x0000, 0x0000, 0x0000, 0x0000, 0x0000, 0x0000, 0x0000,
 0x0000, 0x0000, 0x0000, 0x0000, 0x0000, 0x0000, 0x0000, 0x0000, 0x0000, 0x0000, 0x0000, 0x0000, 0x0000, 0x0000, 0x0000, 0x0000,
 0x0000, 0x0000, 0x0000, 0x0000, 0x0000, 0x0000, 0x0000, 0x0000, 0x0000, 0x0000, 0x0000, 0x0000, 0x0000, 0x0000, 0x0000, 0x0000,
 0x0000, 0x0000, 0x0000, 0x0000, 0x0000, 0x0000, 0x0000, 0x0000, 0x0000, 0x0000, 0x0000, 0x0000, 0x0000, 0x0000, 0x0000, 0x0000,
 0x0000, 0x0000, 0x0000, 0x0000, 0x0000, 0x0000, 0x0000, 0x0000, 0x0000, 0x0000, 0x0000, 0x0000, 0x0000, 0x0000, 0x0000, 0x0000,
 0x0000, 0x0000, 0x0000, 0x0000, 0x0000, 0x0000, 0x0000, 0x0000, 0x0000, 0x0000, 0x0000, 0x0000, 0x0000, 0x0000, 0x0000, 0x0000,
 0x0000, 0x0000, 0x0000, 0x0000, 0x0000, 0x0000, 0x0000, 0x0000, 0x0000, 0x0000, 0x0000, 0x0000, 0x0000, 0x0000, 0x0000, 0x0000,
 0x0000, 0x1082, 0x1082, 0x1082, 0x0000, 0x0000, 0x0000, 0x0000, 0x0000, 0x0000, 0x0000, 0x0000, 0x0000, 0x0000, 0x0000, 0x0000,
 0x0000, 0x0000, 0x0000, 0x0000, 0x0000, 0x0000, 0x0000, 0x0000, 0x0000, 0x0000, 0x0000, 0x0000, 0x0000, 0x0000, 0x0000, 0x0000,
 0x1082, 0x1082, 0x1082, 0x0000, 0x0000, 0x0000, 0x0000, 0x0000, 0x0000, 0x0000, 0x0000, 0x0000, 0x0000, 0x0000, 0x0000, 0x0000,
 0x0000, 0x0000, 0x0000, 0x0000, 0x1082, 0x1142, 0x1142, 0x1142, 0x1082, 0x0000, 0x0000, 0x0000, 0x0000, 0x0000, 0x0000, 0x0000,
 0x0000, 0x0000, 0x0000, 0x0000, 0x0000, 0x0000, 0x0000, 0x0000, 0x0000, 0x0000, 0x0000, 0x0000, 0x0000, 0x0000, 0x0000, 0x0000,
 0x0000, 0x0000, 0x0000, 0x18E3, 0x19C4, 0x19C3, 0x19C4, 0x1082, 0x0000, 0x0000, 0x0000, 0x0000, 0x0000, 0x0000, 0x0000, 0x0000,
 0x0000, 0x0000, 0x0000, 0x0000, 0x0000, 0x0000, 0xBB8E, 0xBB2C, 0x31A6, 0x3A47, 0x3A47, 0x63AD, 0x4A69, 0xBB8E, 0x0000, 0x0000,
 0x0000, 0x0000, 0x0000, 0x0000, 0x0000, 0x0000, 0x0000, 0x0000, 0x0000, 0x0000, 0x0000, 0x0000, 0x0000, 0x0000, 0x0000, 0x0000,
 0x0000, 0x0000, 0x0000, 0x0000, 0x0000, 0x0000, 0xBB8E, 0x4A69, 0x63AD, 0x534B, 0x534B, 0x4A69, 0xBB2C, 0xBB8E, 0x0000, 0x0000,
 0x0000, 0x0000, 0x0000, 0x0000, 0x0000, 0x0000, 0x0000, 0xBB8E, 0xBB8E, 0xBB8E, 0xBB8E, 0xBB8E, 0x31A6, 0x42E9, 0x4C2A, 0x8652,
 0x6C6E, 0x5AEB, 0x5AEB, 0xBB8E, 0xBB8E, 0x0000, 0x0000, 0x0000, 0x0000, 0x1082, 0x1082, 0x0000, 0x0000, 0x0000, 0x0000, 0x0000,
 0x0000, 0x18E3, 0x18E3, 0x0000, 0x0000, 0x0000, 0x0000, 0xBB8E, 0xBB8E, 0x5AEB, 0x5AEB, 0x6C6E, 0x8E53, 0x6D0F, 0x9E95, 0x4A69,
 0xBB8E, 0xBB8E, 0xBB8E, 0xBB8E, 0xBB8E, 0x0000, 0x0000, 0x0000, 0x0000, 0xBB8E, 0xBB8E, 0xBB8E, 0xBB8E, 0xBB8E, 0xBB8E, 0xBB8E,
 0x4A69, 0x4A69, 0x6D0F, 0x7D50, 0x6C6E, 0x63AD, 0x63AD, 0x5AEB, 0x5AEB, 0xBB8E, 0xBB8E, 0x0000, 0x1082, 0x1142, 0x1142, 0x1084,
 0x0861, 0x0861, 0x0861, 0x1082, 0x18E3, 0x2AE6, 0x22A5, 0x18E3, 0x0000, 0xBB8E, 0xBB8E, 0x5AEB, 0x5AEB, 0x63AD, 0x63AD, 0x6C6E,
 0x7D50, 0xB6F8, 0x9E95, 0x5AEB, 0xBB8E, 0xBB8E, 0xBB8E, 0xBB8E, 0xBB8E, 0xBB8E, 0xBB8E, 0x0000, 0xBB8E, 0xBB8E, 0xBB8E, 0xBB8E,
 0xBB8E, 0xBB8E, 0xBB8E, 0xBB8E, 0x5AEB, 0x6C6E, 0x6C6E, 0x6C6E, 0x5AEB, 0x6C6E, 0x7D50, 0x63AD, 0x63AD, 0x5AEB, 0xBB8E, 0xBB8E,
 0x1082, 0x1142, 0x1142, 0x0861, 0x1A04, 0x1A04, 0x2AE6, 0x2AE6, 0x1082, 0x2AE6, 0x2AE6, 0x18E3, 0xBB8E, 0xBB8E, 0x5AEB, 0x63AD,
 0x63AD, 0x7D50, 0x6C6E, 0x5AEB, 0x6C6E, 0xB6B7, 0xB6B7, 0x5AEB, 0xBB8E, 0xBB8E, 0xBB8E, 0xBB8E, 0xBB8E, 0xBB8E, 0xBB8E, 0xBB8E,
 0xBB8E, 0xBB8E, 0xBB8E, 0xBB8E, 0xBB8E, 0xBB8E, 0xBB8E, 0xBB8E, 0xBB8E, 0x63AD, 0x5AEB, 0x63AD, 0xBB8E, 0x5AEB, 0x7D50, 0x7D50,
 0x63AD, 0x63AD, 0x5AEB, 0x5AEB, 0x0861, 0x2B47, 0x1A04, 0x19C4, 0x19C4, 0x08E2, 0x08E2, 0x19C4, 0x19C4, 0x44CB, 0x6EB0, 0x1084,
 0x5AEB, 0x5AEB, 0x63AD, 0x63AD, 0x7D50, 0x7D50, 0x5AEB, 0xBB8E, 0x534B, 0x5AEB, 0x63AD, 0xBB8E, 0xBB8E, 0xBB8E, 0xBB8E, 0xBB8E,
 0xBB8E, 0xBB8E, 0xBB8E, 0xBB8E, 0xBB8E, 0xBB8E, 0xBB8E, 0xBB8E, 0xBB2C, 0xBB2C, 0xBB2C, 0xBB2C, 0xBB8E, 0xBB8E, 0xBB8E, 0xBB8E,
 0xBB2C, 0xBB2C, 0x5AEB, 0x5AEB, 0x7D50, 0x7D50, 0x63AD, 0x6C6E, 0x0861, 0x2B47, 0x18E3, 0x2AE6, 0x1084, 0x1084, 0x1084, 0x1084,
 0x2AE6, 0x19C4, 0x6EB0, 0x18E3, 0x6C6E, 0x63AD, 0x7D50, 0x7D50, 0x5AEB, 0x5AEB, 0xBB2C, 0xBB2C, 0xBB8E, 0xBB8E, 0xBB8E, 0xBB8E,
 0xBB8E, 0xBB2C, 0xBB2C, 0xBB2C, 0xBB8E, 0xBB8E, 0xBB8E, 0xBB8E, 0x0000, 0xBB8E, 0xBB2C, 0xBB2C, 0xBB2C, 0xBB2C, 0xBB8E, 0xBB8E,
 0xBB8E, 0xBB8E, 0xBB8E, 0xBB8E, 0xBB8E, 0xBB8E, 0xBB2C, 0x4A69, 0x6C6E, 0x8E53, 0x7D50, 0x19C4, 0x1102, 0x1142, 0x1142, 0x19C4,
 0x2128, 0xED00, 0xED00, 0x2128, 0x19C4, 0x19C4, 0x2AE6, 0x2265, 0x19C4, 0x7D50, 0x8E53, 0x6C6E, 0x4A69, 0xBB2C, 0xBB2C, 0xBB2C,
 0xBB8E, 0xBB8E, 0xBB8E, 0xBB8E, 0xBB8E, 0xBB8E, 0xBB2C, 0xBB2C, 0xBB2C, 0xBB2C, 0xBB8E, 0x0000, 0x0000, 0x0000, 0x0000, 0xBB2C,
 0xBB8E, 0xBB2C, 0xBB8E, 0xBB8E, 0xBB8E, 0xBB8E, 0xBB8E, 0xBB8E, 0xBB8E, 0xBB8E, 0xBB8E, 0xBB8E, 0x5AEB, 0x1082, 0x662F, 0x458A,
 0x08A1, 0x1142, 0x1142, 0x2AE6, 0x2128, 0x1084, 0x1084, 0x2128, 0x2AE6, 0x19C4, 0x2AE6, 0x1183, 0x662F, 0x662F, 0x1082, 0x4A69,
 0xBB2C, 0xBB8E, 0xBB8E, 0xBB8E, 0xBB8E, 0xBB8E, 0xBB8E, 0xBB8E, 0xBB8E, 0xBB8E, 0xBB8E, 0xBB8E, 0xBB8E, 0x0000, 0x0000, 0x0000,
 0x0000, 0x0000, 0x0000, 0x0000, 0x0000, 0x0000, 0xBB8E, 0xBB8E, 0xBB8E, 0xBB8E, 0xBB8E, 0xBB8E, 0xBB8E, 0xBB8E, 0x0000, 0x0000,
 0x0000, 0x0000, 0x18E3, 0x2AE6, 0x19C3, 0x1142, 0x1A04, 0x19C4, 0x1084, 0xED00, 0xED00, 0x1084, 0x19C4, 0x2AE6, 0x2AE6, 0x3448,
 0x2AE6, 0x1082, 0x0000, 0x0000, 0x0000, 0x0000, 0xBB8E, 0xBB8E, 0xBB8E, 0xBB8E, 0xBB8E, 0xBB8E, 0xBB8E, 0xBB8E, 0x0000, 0x0000,
 0x0000, 0x0000, 0x0000, 0x0000, 0x0000, 0x0000, 0x0000, 0x0000, 0x0000, 0x0000, 0x0000, 0x0000, 0x0000, 0x0000, 0x0000, 0x0000,
 0x0000, 0x0000, 0x0000, 0x0000, 0x0000, 0x0000, 0x0000, 0x18E3, 0x1102, 0x1A04, 0x2AE6, 0x1183, 0x1084, 0x1084, 0x1084, 0x1084,
 0x1183, 0x2AE6, 0x44CB, 0x2265, 0x1082, 0x0000, 0x0000, 0x0000, 0x0000, 0x0000, 0x0000, 0x0000, 0x0000, 0x0000, 0x0000, 0x0000,
 0x0000, 0x0000, 0x0000, 0x0000, 0x0000, 0x0000, 0x0000, 0x0000, 0x0000, 0x0000, 0x0000, 0x0000, 0x0000, 0x0000, 0x0000, 0x0000,
 0x0000, 0x0000, 0x0000, 0x0000, 0x0000, 0x0000, 0x0000, 0x0000, 0x0000, 0x0000, 0x0000, 0x0000, 0x0861, 0x2B47, 0x2AE6, 0x2265,
 0xFFFF, 0x2128, 0x2128, 0xFFFF, 0x2265, 0x2AE6, 0x6EB0, 0x18E3, 0x0000, 0x0000, 0x0000, 0x0000, 0x0000, 0x0000, 0x0000, 0x0000,
 0x0000, 0x0000, 0x0000, 0x0000, 0x0000, 0x0000, 0x0000, 0x0000, 0x0000, 0x0000, 0x0000, 0x0000, 0x0000, 0x0000, 0x0000, 0x0000,
 0x0000, 0x0000, 0x0000, 0x0000, 0x0000, 0x0000, 0x0000, 0x0000, 0x0000, 0x0000, 0x0000, 0x0000, 0x0000, 0x0000, 0x0000, 0x0000,
 0x1082, 0x2B47, 0x1183, 0xFFFF, 0x2128, 0xED00, 0xED00, 0x2128, 0xFFFF, 0x1183, 0x6EB0, 0x18E3, 0x0000, 0x0000, 0x0000, 0x0000,
 0x0000, 0x0000, 0x0000, 0x0000, 0x0000, 0x0000, 0x0000, 0x0000, 0x0000, 0x0000, 0x0000, 0x0000, 0x0000, 0x0000, 0x0000, 0x0000,
 0x0000, 0x0000, 0x0000, 0x0000, 0x0000, 0x0000, 0x0000, 0x0000, 0x0000, 0x0000, 0x0000, 0x0000, 0x0000, 0x0000, 0x0000, 0x0000,
 0x0000, 0x0000, 0x0000, 0x0000, 0x0861, 0x1A04, 0x08E2, 0xFFFF, 0xED00, 0xEED3, 0xEED3, 0xED00, 0xFFFF, 0x08E2, 0x44CB, 0x18E3,
 0x0000, 0x0000, 0x0000, 0x0000, 0x0000, 0x0000, 0x0000, 0x0000, 0x0000, 0x0000, 0x0000, 0x0000, 0x0000, 0x0000, 0x0000, 0x0000,
 0x0000, 0x0000, 0x0000, 0x0000, 0x0000, 0x0000, 0x0000, 0x0000, 0x0000, 0x0000, 0x0000, 0x0000, 0x0000, 0x0000, 0x0000, 0x0000,
 0x0000, 0x0000, 0x0000, 0x0000, 0x0000, 0x0000, 0x0000, 0x1082, 0x1082, 0x1142, 0x08E2, 0xFFFF, 0x2128, 0xED00, 0xED00, 0x2128,
 0xFFFF, 0x08E2, 0x2AE6, 0x18E3, 0x1082, 0x0000, 0x0000, 0x0000, 0x0000, 0x0000, 0x0000, 0x0000, 0x0000, 0x0000, 0x0000, 0x0000,
 0x0000, 0x0000, 0x0000, 0x0000, 0x0000, 0x0000, 0x0000, 0x0000, 0x0000, 0x0000, 0x0000, 0x0000, 0x0000, 0x0000, 0x0000, 0x0000,
 0x0000, 0x0000, 0x0000, 0x0000, 0x0000, 0x0000, 0x0000, 0x0000, 0x0000, 0x0000, 0x1082, 0x1142, 0x0861, 0x1142, 0x19C4, 0x2265,
 0xFFFF, 0x2128, 0x2128, 0xFFFF, 0x22A5, 0x19C3, 0x2AE6, 0x1183, 0x19C4, 0x0861, 0x0000, 0x0000, 0x0000, 0x0000, 0x0000, 0x0000,
 0x0000, 0x0000, 0x0000, 0x0000, 0x0000, 0x0000, 0x0000, 0x0000, 0x0000, 0x0000, 0x0000, 0x0000, 0x0000, 0x0000, 0x0000, 0x0000,
 0x0000, 0x0000, 0x0000, 0x0000, 0x0000, 0x0000, 0x0000, 0x0000, 0x0000, 0x0000, 0x0000, 0x0000, 0x0000, 0x1082, 0x19C4, 0x1142,
 0x08E2, 0x1142, 0x19C4, 0x2265, 0x22A5, 0x19C4, 0x19C4, 0x2265, 0x2265, 0x19C3, 0x2AE6, 0x2265, 0x19C4, 0x19C4, 0x0861, 0x0000,
 0x0000, 0x0000, 0x0000, 0x0000, 0x0000, 0x0000, 0x0000, 0x0000, 0x0000, 0x0000, 0x0000, 0x0000, 0x0000, 0x0000, 0x0000, 0x0000,
 0x0000, 0x0000, 0x0000, 0x0000, 0x0000, 0x0000, 0x0000, 0x0000, 0x0000, 0x0000, 0x0000, 0x0000, 0x0000, 0x0000, 0x0000, 0x1082,
 0x1082, 0x1183, 0x19C3, 0x2B47, 0x19C3, 0x1142, 0x2AE6, 0x446A, 0x446A, 0x446A, 0x3448, 0x446A, 0x446A, 0x2AE6, 0x2AE6, 0x3448,
 0x4C2A, 0x19C3, 0x19C4, 0x1082, 0x1082, 0x0000, 0x0000, 0x0000, 0x0000, 0x0000, 0x0000, 0x0000, 0x0000, 0x0000, 0x0000, 0x0000,
 0x0000, 0x0000, 0x0000, 0x0000, 0x0000, 0x0000, 0x0000, 0x0000, 0x0000, 0x0000, 0x0000, 0x0000, 0x0000, 0x0000, 0x0000, 0x0000,
 0x0000, 0x1082, 0x1082, 0x19C3, 0x19C3, 0x662F, 0x662F, 0x1A04, 0x1102, 0x1142, 0x2AE6, 0x446A, 0xFFFF, 0xFFFF, 0xFFFF, 0xFFFF,
 0x446A, 0x44CB, 0x2AE6, 0x2265, 0x2AE6, 0x662F, 0x662F, 0x19C3, 0x19C4, 0x1082, 0x1082, 0x0000, 0x0000, 0x0000, 0x0000, 0x0000,
 0x0000, 0x0000, 0x0000, 0x0000, 0x0000, 0x0000, 0x0000, 0x0000, 0x0000, 0x0000, 0x0000, 0x0000, 0x0000, 0x0000, 0x0000, 0x0000,
 0x0000, 0x0000, 0x0000, 0x0000, 0x1082, 0x19C4, 0x1183, 0x19C4, 0x662F, 0x446A, 0x2AE6, 0x1082, 0x0861, 0x1142, 0x4C2A, 0x662F,
 0x446A, 0x3448, 0x446A, 0x446A, 0x662F, 0x662F, 0x2AE6, 0x18E3, 0x1082, 0x2AE6, 0x446A, 0x662F, 0x19C3, 0x19C4, 0x19C3, 0x1082,
 0x0000, 0x0000, 0x0000, 0x0000, 0x0000, 0x0000, 0x0000, 0x0000, 0x0000, 0x0000, 0x0000, 0x0000, 0x0000, 0x0000, 0x0000, 0x0000,
 0x0000, 0x0000, 0x0000, 0x0000, 0x1082, 0x1082, 0x1082, 0x1082, 0x19C3, 0x2AE6, 0x662F, 0x662F, 0x2AE6, 0x18E3, 0x1082, 0x0000,
 0x1082, 0x1A04, 0x2AE6, 0x662F, 0xFFFF, 0xFFFF, 0xFFFF, 0xFFFF, 0x662F, 0x44CB, 0x44CB, 0x18E3, 0x0000, 0x18E3, 0x1082, 0x2AE6,
 0x662F, 0x662F, 0x2AE6, 0x19C4, 0x1082, 0x1082, 0x0861, 0x1082, 0x0000, 0x0000, 0x0000, 0x0000, 0x0000, 0x0000, 0x0000, 0x0000,
 0x0000, 0x0000, 0x0000, 0x0000, 0x0000, 0x0000, 0x0000, 0x1084, 0x1A04, 0x1142, 0x19C4, 0x19C4, 0x2AE6, 0x662F, 0x446A, 0x1082,
 0x1082, 0x0000, 0x0000, 0x0000, 0x1082, 0x1A04, 0x2B47, 0x662F, 0x662F, 0x662F, 0x662F, 0x662F, 0x662F, 0x6EB0, 0x44CB, 0x18E3,
 0x0000, 0x0000, 0x0000, 0x18E3, 0x1082, 0x446A, 0x662F, 0x2AE6, 0x19C4, 0x19C4, 0x19C4, 0x2AE6, 0x1082, 0x0000, 0x0000, 0x0000,
 0x0000, 0x0000, 0x0000, 0x0000, 0x0000, 0x0000, 0x0000, 0x0000, 0x0000, 0x0000, 0x0000, 0x1082, 0x1A04, 0x2B47, 0x2AE6, 0x2AE6,
 0x42E9, 0x1082, 0x08E2, 0x0000, 0x0000, 0x0000, 0x0000, 0x0000, 0x18E3, 0x1A04, 0x2B47, 0x458A, 0xFFFF, 0xFFFF, 0xFFFF, 0xFFFF,
 0x9F58, 0x6EB0, 0x44CB, 0x18E3, 0x0000, 0x0000, 0x0000, 0x0000, 0x0000, 0x18E3, 0x1082, 0x2AE6, 0x2AE6, 0x2AE6, 0x446A, 0x2AE6,
 0x1082, 0x0000, 0x0000, 0x0000, 0x0000, 0x0000, 0x0000, 0x0000, 0x0000, 0x0000, 0x0000, 0x0000, 0x0000, 0x0000, 0xBB8E, 0x31A6,
 0x42E9, 0x4C2A, 0x6D0F, 0x4A69, 0x4A69, 0xBB8E, 0x0000, 0x0000, 0x0000, 0x0000, 0x0000, 0x0000, 0x0000, 0x18E3, 0x1A04, 0x2B47,
 0x458A, 0x662F, 0x662F, 0x9F58, 0x6EB0, 0x44CB, 0x18E3, 0x0000, 0x0000, 0x0000, 0x0000, 0x0000, 0x0000, 0x0000, 0xBB8E, 0x5AEB,
 0x4A69, 0x6D0F, 0x6D0F, 0x9E95, 0x4A69, 0xBB8E, 0x0000, 0x0000, 0x0000, 0x0000, 0x0000, 0x0000, 0x0000, 0x0000, 0x0000, 0xBB8E,
 0xBB8E, 0xBB8E, 0xBB8E, 0x4208, 0x42E9, 0x6D0F, 0x640C, 0x4A69, 0xBB8E, 0xBB8E, 0xBB8E, 0xBB8E, 0xBB8E, 0x0000, 0x0000, 0x0000,
 0x0000, 0x0000, 0x1082, 0x2265, 0x1A04, 0x4C2A, 0x6EB0, 0x44CB, 0x44CB, 0x18E3, 0x0000, 0x0000, 0x0000, 0x0000, 0x0000, 0xBB8E,
 0xBB8E, 0xBB8E, 0xBB8E, 0xBB8E, 0x4A69, 0x640C, 0x6D0F, 0x9E95, 0x5AEB, 0xBB8E, 0xBB8E, 0xBB8E, 0xBB8E, 0x0000, 0x0000, 0x0000,
 0x0000, 0xBB8E, 0xBB8E, 0xBB8E, 0xBB8E, 0xBB8E, 0xBB8E, 0x5AEB, 0x6C6E, 0x6C6E, 0x640C, 0x5AEB, 0xBB8E, 0xBB8E, 0xBB8E, 0xBB8E,
 0xBB8E, 0xBB8E, 0xBB8E, 0x0000, 0x0000, 0x0000, 0x0000, 0x1082, 0x1A04, 0x1A04, 0x44CB, 0x44CB, 0x18E3, 0x0000, 0x0000, 0x0000,
 0x0000, 0xBB8E, 0xBB8E, 0xBB8E, 0xBB8E, 0xBB8E, 0xBB8E, 0xBB8E, 0x5AEB, 0x6C6E, 0x9E95, 0xB6B7, 0x5AEB, 0xBB8E, 0xBB8E, 0xBB8E,
 0xBB8E, 0xBB8E, 0xBB8E, 0x0000, 0xBB8E, 0xBB8E, 0xBB8E, 0xBB8E, 0xBB8E, 0xBB8E, 0xBB8E, 0x5AEB, 0x6C6E, 0x6C6E, 0x6C6E, 0x5AEB,
 0xBB8E, 0xBB8E, 0xBB8E, 0xBB8E, 0xBB8E, 0xBB8E, 0xBB8E, 0xBB8E, 0x0000, 0x0000, 0x0000, 0x0000, 0x18E3, 0x0861, 0x18E3, 0x18E3,
 0x0000, 0x0000, 0x0000, 0x0000, 0xBB8E, 0xBB8E, 0xBB8E, 0xBB8E, 0xBB8E, 0xBB8E, 0xBB8E, 0xBB8E, 0x5AEB, 0x6C6E, 0xB6F8, 0xB6B7,
 0x5AEB, 0xBB8E, 0xBB8E, 0xBB8E, 0xBB8E, 0xBB8E, 0xBB8E, 0xBB8E, 0xBB8E, 0xBB8E, 0xBB8E, 0xBB8E, 0xBB8E, 0xBB8E, 0xBB8E, 0xBB8E,
 0x5AEB, 0x5AEB, 0x5AEB, 0xBB8E, 0xBB8E, 0xBB8E, 0xBB8E, 0xBB8E, 0xBB8E, 0xBB8E, 0xBB8E, 0xBB8E, 0x0000, 0x0000, 0x0000, 0x0000,
 0x0000, 0x0000, 0x0000, 0x0000, 0x0000, 0x0000, 0x0000, 0x0000, 0xBB8E, 0xBB8E, 0xBB8E, 0xBB8E, 0xBB8E, 0xBB8E, 0xBB8E, 0xBB8E,
 0xBB8E, 0x5AEB, 0x5AEB, 0x5AEB, 0xBB8E, 0xBB8E, 0xBB8E, 0xBB8E, 0xBB8E, 0xBB8E, 0xBB8E, 0xBB8E, 0xBB8E, 0xBB8E, 0xBB8E, 0xBB8E,
 0xBB2C, 0xBB2C, 0xBB2C, 0xBB2C, 0xBB8E, 0xBB8E, 0xBB8E, 0xBB8E, 0xBB2C, 0xBB2C, 0xBB8E, 0xBB8E, 0xBB8E, 0xBB8E, 0xBB8E, 0xBB8E,
 0x0000, 0x0000, 0x0000, 0x0000, 0x0000, 0x0000, 0x0000, 0x0000, 0x0000, 0x0000, 0x0000, 0x0000, 0xBB8E, 0xBB8E, 0xBB8E, 0xBB8E,
 0xBB8E, 0xBB8E, 0xBB2C, 0xBB2C, 0xBB8E, 0xBB8E, 0xBB8E, 0xBB8E, 0xBB2C, 0xBB2C, 0xBB2C, 0xBB2C, 0xBB8E, 0xBB8E, 0xBB8E, 0xBB8E,
 0x0000, 0xBB8E, 0xBB2C, 0xBB2C, 0xBB2C, 0xBB2C, 0xBB2C, 0xBB8E, 0xBB8E, 0xBB8E, 0xBB8E, 0xBB8E, 0xBB2C, 0xBB2C, 0xBB2C, 0xBB2C,
 0xBB8E, 0xBB8E, 0xBB8E, 0x0000, 0x0000, 0x0000, 0x0000, 0x0000, 0x0000, 0x0000, 0x0000, 0x0000, 0x0000, 0x0000, 0x0000, 0x0000,
 0x0000, 0xBB8E, 0xBB8E, 0xBB8E, 0xBB2C, 0xBB2C, 0xBB2C, 0xBB2C, 0xBB8E, 0xBB8E, 0xBB8E, 0xBB8E, 0xBB8E, 0xBB2C, 0xBB2C, 0xBB2C,
 0xBB2C, 0xBB2C, 0xBB8E, 0x0000, 0x0000, 0x0000, 0x0000, 0xBB2C, 0xBB2C, 0xBB2C, 0xBB8E, 0xBB8E, 0xBB8E, 0xBB8E, 0xBB8E, 0xBB8E,
 0xBB8E, 0xBB8E, 0xBB2C, 0xBB2C, 0xBB2C, 0x0000, 0x0000, 0x0000, 0x0000, 0x0000, 0x0000, 0x0000, 0x0000, 0x0000, 0x0000, 0x0000,
 0x0000, 0x0000, 0x0000, 0x0000, 0x0000, 0x0000, 0x0000, 0xBB2C, 0xBB2C, 0xBB2C, 0xBB8E, 0xBB8E, 0xBB8E, 0xBB8E, 0xBB8E, 0xBB8E,
 0xBB8E, 0xBB8E, 0xBB2C, 0xBB2C, 0xBB2C, 0x0000, 0x0000, 0x0000, 0x0000, 0x0000, 0x0000, 0x0000, 0x0000, 0x0000, 0xBB8E, 0xBB8E,
 0xBB8E, 0xBB8E, 0xBB8E, 0xBB8E, 0xBB8E, 0xBB8E, 0x0000, 0x0000, 0x0000, 0x0000, 0x0000, 0x0000, 0x0000, 0x0000, 0x0000, 0x0000,
 0x0000, 0x0000, 0x0000, 0x0000, 0x0000, 0x0000, 0x0000, 0x0000, 0x0000, 0x0000, 0x0000, 0x0000, 0x0000, 0x0000, 0xBB8E, 0xBB8E,
 0xBB8E, 0xBB8E, 0xBB8E, 0xBB8E, 0xBB8E, 0xBB8E, 0x0000, 0x0000, 0x0000, 0x0000, 0x0000, 0x0000,
};

const unsigned short Demon[] = {
 0x0000, 0x0000, 0x0000, 0x0000, 0x0000, 0x0000, 0x0000, 0x0000, 0x0000, 0x0000, 0x0000, 0x0000, 0x0000, 0x0000, 0x0000, 0x0000,
 0x0000, 0x0000, 0x0000, 0x0000, 0x0000, 0x0000, 0x0000, 0x0000, 0x0000, 0x0000, 0x0000, 0x0000, 0x0000, 0x0000, 0x0000, 0x0000,
 0x0000, 0x0000, 0x0000, 0x0000, 0x0000, 0x0000, 0x0000, 0x0000, 0x0000, 0x0000, 0x0000, 0x0000, 0x0000, 0x0000, 0x0000, 0x0000,
 0x0000, 0x0000, 0x0000, 0x0000, 0x0000, 0x0000, 0x0000, 0x0000, 0x0000, 0x0000, 0x0000, 0x0000, 0x0000, 0x0000, 0x0000, 0x0000,
 0x0000, 0x0000, 0x0000, 0x0000, 0x0000, 0x0000, 0x0000, 0x0000, 0x0000, 0x0000, 0x0000, 0x0000, 0x0000, 0x0000, 0x0000, 0x0000,
 0x0000, 0x0000, 0x0000, 0x0000, 0x0000, 0x0000, 0x0000, 0x0000, 0x0000, 0x0000, 0x0000, 0x0000, 0x0000, 0x0000, 0x0000, 0x0000,
 0x0000, 0x0000, 0x0000, 0x0000, 0x0000, 0x0000, 0x0000, 0x0000, 0x0000, 0x0000, 0x0000, 0x0000, 0x0000, 0x0000, 0x0000, 0x0000,
 0x0000, 0x0000, 0x0000, 0x0000, 0x0000, 0x0000, 0x0000, 0x0000, 0x0000, 0x0000, 0x0000, 0x0000, 0x0000, 0x0000, 0x0000, 0x0000,
 0x0000, 0x0000, 0x0000, 0x0000, 0x0000, 0x0000, 0x0000, 0x0000, 0x0000, 0x0000, 0x0000, 0x0000, 0x0000, 0x0000, 0x0000, 0x0000,
 0x0000, 0x0000, 0x0000, 0x0000, 0x0000, 0x0000, 0x0000, 0x0000, 0x0000, 0x0000, 0x0000, 0x0000, 0x0000, 0x0000, 0x0000, 0x0000,
 0x0000, 0x0000, 0x0000, 0x0000, 0x0000, 0x0000, 0x0000, 0x0000, 0x0000, 0x0000, 0x0000, 0x0000, 0x0000, 0x0000, 0x0000, 0x0000,
 0x0000, 0x0000, 0x0000, 0x0000, 0x0000, 0x0000, 0x0000, 0x0000, 0x0000, 0x0000, 0x0000, 0x0000, 0x0000, 0x0000, 0x0000, 0x0000,
 0x0000, 0x0000, 0x0000, 0x0000, 0x0000, 0x0000, 0x0000, 0x0000, 0x0000, 0x0000, 0x0000, 0x0000, 0x0000, 0x0000, 0x0000, 0x0000,
 0x0000, 0x0000, 0x0000, 0x0000, 0x0000, 0x0000, 0x0000, 0x0000, 0x0000, 0x0000, 0x0000, 0x0000, 0x0000, 0x0000, 0x0000, 0x0000,
 0x0000, 0x0000, 0x0000, 0x0000, 0x0000, 0x0000, 0x0000, 0x0000, 0x0000, 0x0000, 0x0000, 0x0000, 0x0000, 0x0000, 0x0000, 0x0000,
 0x0000, 0x0000, 0x0000, 0x0000, 0x0000, 0x0000, 0x0000, 0x0000, 0x0000, 0x0000, 0x0000, 0x0000, 0x0000, 0x0000, 0x0000, 0x0000,
 0x0000, 0x0000, 0x0000, 0x0000, 0x0000, 0x0000, 0x0000, 0x0000, 0x0000, 0x0000, 0x0000, 0x0000, 0x0000, 0x0000, 0x0000, 0x0000,
 0x0000, 0x0000, 0x0000, 0x0000, 0x0000, 0x0000, 0x0000, 0x0000, 0x0000, 0x0000, 0x0000, 0x0000, 0x0000, 0x0000, 0x0000, 0x0000,
 0x0000, 0x0000, 0x0000, 0x0000, 0x0000, 0x0000, 0x0000, 0x0000, 0x0000, 0x0000, 0x0000, 0x0000, 0x0000, 0x0000, 0x0000, 0x0000,
 0x0000, 0x0000, 0x0000, 0x0000, 0x0000, 0x0000, 0x0000, 0x0000, 0x0000, 0x0000, 0x0000, 0x0000, 0x0000, 0x0000, 0x0000, 0x0000,
 0x0000, 0x0000, 0x0000, 0x0000, 0x0000, 0x0000, 0x0000, 0x0000, 0x0000, 0x0000, 0x0000, 0x0000, 0x0000, 0x0000, 0x0000, 0x0000,
 0x0000, 0x0000, 0x0000, 0x0000, 0x0000, 0x0000, 0x0000, 0x0000, 0x0000, 0x0000, 0x0000, 0x0000, 0x0000, 0x0000, 0x0000, 0x0000,
 0x0000, 0x0000, 0x0000, 0x0000, 0x0000, 0x0000, 0x0000, 0x0000, 0x0000, 0x0000, 0x0000, 0x0000, 0x0000, 0x0000, 0x0000, 0x0000,
 0x0000, 0x0000, 0x0000, 0x0000, 0x0000, 0x0000, 0x0000, 0x0000, 0x0000, 0x0000, 0x0000, 0x0000, 0x0000, 0xDE5F, 0x0000, 0x0000,
 0x0000, 0x0000, 0x0000, 0x0000, 0x0000, 0x0000, 0xDE5F, 0x0000, 0x0000, 0x0000, 0x0000, 0x0000, 0x0000, 0x0000, 0x0000, 0x0000,
 0x0000, 0x0000, 0x0000, 0x0000, 0x0000, 0x0000, 0x0000, 0x0000, 0x0000, 0x0000, 0x0000, 0x0000, 0x0000, 0x0000, 0x0000, 0x0000,
 0x0000, 0x0000, 0x0000, 0x0000, 0x0000, 0x0000, 0x0000, 0x0000, 0x0000, 0x0000, 0x0000, 0x0000, 0x0000, 0x0000, 0x0000, 0x0000,
 0x0000, 0x0000, 0x0000, 0x0000, 0x0000, 0x0000, 0x0000, 0x0000, 0x0000, 0x0000, 0x0000, 0x0000, 0x0000, 0x0000, 0x0000, 0x0000,
 0x0000, 0x0000, 0x0000, 0x0000, 0x0000, 0x0000, 0x0000, 0x0000, 0x0000, 0x0000, 0x0000, 0x0000, 0x0000, 0x0000, 0x0000, 0x0000,
 0x0000, 0x0000, 0x0000, 0x0000, 0x0000, 0x0000, 0x0000, 0x0000, 0x0000, 0x0000, 0x0000, 0x0000, 0x0000, 0x0000, 0x0000, 0x0000,
 0x0000, 0x0000, 0x0000, 0x0000, 0x0000, 0xED1D, 0xEA1A, 0xEA1A, 0x0000, 0x0000, 0x0000, 0x0000, 0x0000, 0x0000, 0x0000, 0x0000,
 0x0000, 0x0000, 0x0000, 0x0000, 0x0000, 0x0000, 0x0000, 0x0000, 0x0000, 0x0000, 0x0000, 0x0000, 0x0000, 0x0000, 0x0000, 0x0000,
 0x0000, 0x0000, 0x0000, 0x0000, 0x0000, 0x0000, 0x0000, 0x0000, 0x0000, 0x0000, 0x0000, 0x0000, 0x0000, 0x0000, 0x0000, 0x0000,
 0x0000, 0x0000, 0x0000, 0x0000, 0x0000, 0x0000, 0x0000, 0x0000, 0xEA1A, 0xC11B, 0x717E, 0x717E, 0xC11B, 0xC11B, 0xED1D, 0xED1D,
 0x0000, 0x0000, 0x0000, 0x0000, 0x0000, 0x0000, 0x0000, 0x0000, 0x0000, 0x0000, 0x0000, 0x0000, 0x0000, 0x0000, 0x0000, 0x0000,
 0x0000, 0x0000, 0x0000, 0x0000, 0x0000, 0x0000, 0x0000, 0x0000, 0x0000, 0x0000, 0x0000, 0x0000, 0x0000, 0x0000, 0x0000, 0x0000,
 0x0000, 0x0000, 0x0000, 0x0000, 0x0000, 0x0000, 0x0000, 0x0000, 0x0000, 0x0000, 0x0000, 0xEA1A, 0x90FC, 0x581A, 0x581A, 0xA099,
 0xA099, 0x581A, 0x717E, 0x882F, 0x18A0, 0x18A0, 0x18A0, 0x18A0, 0x18A0, 0x18A0, 0x18A0, 0x0000, 0x0000, 0x0000, 0x0000, 0x0000,
 0x0000, 0x0000, 0x0000, 0x0000, 0x0000, 0x0000, 0x0000, 0x0000, 0x0000, 0x0000, 0x0000, 0x0000, 0x0000, 0x0000, 0x0000, 0x0000,
 0x0000, 0x0000, 0x0000, 0x0000, 0x0000, 0x0000, 0x0000, 0x0000, 0x0000, 0x0000, 0x0000, 0x0000, 0xDE5F, 0x0000, 0xEA1A, 0x90FC,
 0x581A, 0xEA1A, 0xEA1A, 0xED1D, 0xED1D, 0xEA1A, 0xB899, 0x90FC, 0x5869, 0x18A0, 0x18A0, 0x18A0, 0x18A0, 0x18A0, 0x18A0, 0x18A0,
 0x18A0, 0x18A0, 0x18A0, 0x18A0, 0x18A0, 0x18A0, 0x18A0, 0x18A0, 0x0000, 0x0000, 0x0000, 0x0000, 0x0000, 0x0000, 0x0000, 0x0000,
 0x0000, 0x0000, 0x0000, 0x0000, 0x0000, 0x0000, 0x0000, 0x0000, 0x0000, 0x0000, 0x0000, 0x0000, 0x0000, 0x0000, 0x0000, 0x0000,
 0x0000, 0x0000, 0xEA1A, 0xA17B, 0xED1D, 0xEA1A, 0x0000, 0x0000, 0x0000, 0x18A0, 0xA0AF, 0xB899, 0x90FC, 0x9030, 0xA8B1, 0xA8B1,
 0x18A0, 0x18A0, 0x18A0, 0x28C7, 0x18A0, 0x18A0, 0x18A0, 0x18A0, 0x78CA, 0x78CA, 0x18A0, 0x18A0, 0x18A0, 0x0000, 0x0000, 0x0000,
 0x0000, 0x0000, 0x0000, 0x0000, 0x0000, 0x0000, 0x0000, 0x0000, 0x0000, 0x0000, 0x0000, 0x0000, 0x0000, 0x0000, 0x0000, 0x0000,
 0x0000, 0x0000, 0x0000, 0x0000, 0x0000, 0x0000, 0xEA1A, 0x805B, 0xED1D, 0xFD3C, 0x0000, 0x0000, 0x0000, 0x18A0, 0x78CA, 0x882F,
 0xA95C, 0x881A, 0x9D1F, 0x81D8, 0xA8B1, 0xA0AF, 0x18A0, 0x18A0, 0x18A0, 0x78CA, 0xA0AF, 0xA8B1, 0xA8B1, 0xA8B1, 0xC0F3, 0x78CA,
 0x18A0, 0x0000, 0x0000, 0x0000, 0x0000, 0x0000, 0x0000, 0x0000, 0x0000, 0x0000, 0x0000, 0x0000, 0xDE5F, 0xFD3C, 0xFD3C, 0x0000,
 0x0000, 0x0000, 0x0000, 0x0000, 0x0000, 0x0000, 0x0000, 0x0000, 0x0000, 0x0000, 0xEA1A, 0xB21D, 0x881A, 0xFD3C, 0x0000, 0x0000,
 0x0000, 0x0000, 0x78CA, 0xB894, 0xB33D, 0x581A, 0xCC5D, 0x9D1F, 0x52D7, 0xA0AF, 0x18A0, 0x18A0, 0xA0AF, 0x684B, 0x684B, 0x9D1F,
 0x9D1F, 0x9D1F, 0xA0AF, 0x0000, 0x0000, 0x0000, 0x0000, 0x0000, 0x0000, 0x0000, 0x0000, 0x0000, 0xFD3C, 0xFD3C, 0x0000, 0xDE5F,
 0x0000, 0xEA1A, 0xEA1A, 0x0000, 0x0000, 0x0000, 0x0000, 0x0000, 0x0000, 0x0000, 0x0000, 0x0000, 0x0000, 0x0000, 0xFD3C, 0xDA1B,
 0x8A5C, 0xEA1A, 0x0000, 0x0000, 0x0000, 0x0000, 0xFD3C, 0xC8F4, 0xC37C, 0xB21D, 0x881A, 0xCC5D, 0x52D7, 0x5869, 0x78CA, 0x78CA,
 0x684B, 0x9D1F, 0x9D1F, 0xE7DE, 0xCEFF, 0x9D1F, 0xEA1A, 0x0000, 0x0000, 0x0000, 0x0000, 0xDE5F, 0x0000, 0x0000, 0xDE5F, 0x0000,
 0xEA1A, 0xC8BA, 0x0000, 0x0000, 0x0000, 0xEA1A, 0xC1B4, 0xEA1A, 0x0000, 0x0000, 0x0000, 0x0000, 0x0000, 0x0000, 0x0000, 0x0000,
 0x0000, 0x0000, 0xFD3C, 0xEA1A, 0x717E, 0x8A5C, 0xEA1A, 0x0000, 0x0000, 0x0000, 0xFD3C, 0x684B, 0xD25B, 0xE31B, 0x881A, 0xE31B,
 0x9D1F, 0x52D7, 0x5869, 0xA8B1, 0xB33D, 0xCEFF, 0xE7DE, 0xE7DE, 0xCEFF, 0xD25B, 0xEA1A, 0x0000, 0x0000, 0x0000, 0x0000, 0x0000,
 0x0000, 0x0000, 0x0000, 0xED1D, 0xEA1A, 0xB1F8, 0x0000, 0xDE5F, 0x0000, 0xEA1A, 0x734D, 0xEA1A, 0x0000, 0x0000, 0x0000, 0x0000,
 0x0000, 0x0000, 0x0000, 0x0000, 0x0000, 0x0000, 0x0000, 0xFD3C, 0xED1D, 0x581A, 0xEA1A, 0xEA1A, 0x0000, 0xED1D, 0xB073, 0xED1D,
 0x684B, 0x9D1F, 0xC8DA, 0xB899, 0xD25B, 0x52D7, 0x9030, 0x9D1F, 0xCEFF, 0xCEFF, 0xE7DE, 0xCEFF, 0x9D1F, 0xEA1A, 0x0000, 0x0000,
 0x0000, 0x0000, 0x0000, 0x0000, 0x0000, 0x0000, 0x0000, 0xEA1A, 0xA271, 0xCA36, 0x0000, 0x0000, 0x0000, 0xEA1A, 0x734D, 0xD136,
 0xFD3C, 0x0000, 0x0000, 0x0000, 0x0000, 0x0000, 0x0000, 0x0000, 0x0000, 0x0000, 0x0000, 0x0000, 0xEA1A, 0x90FC, 0x581A, 0xA356,
 0xEA1A, 0xA236, 0xA4B9, 0xB316, 0x684B, 0x9D1F, 0xCC5D, 0x881A, 0xB33D, 0x9A37, 0x9D1F, 0xCEFF, 0xCEFF, 0x9D1F, 0x9D1F, 0x9D1F,
 0xED1D, 0xDA1B, 0xEA1A, 0xFD3C, 0xFD3C, 0x0000, 0x0000, 0x0000, 0x0000, 0xDE5F, 0x0000, 0xEA1A, 0x836F, 0xCA36, 0x0000, 0x0000,
 0x0000, 0xEA1A, 0x8A70, 0xA193, 0xFD3C, 0xFD3C, 0x0000, 0x0000, 0x0000, 0x0000, 0x0000, 0x0000, 0x0000, 0x0000, 0x0000, 0x0000,
 0xFD3C, 0xEA1A, 0x717E, 0x581A, 0xA377, 0xABD7, 0xAD39, 0x93F4, 0x9D1F, 0xCEFF, 0xE7DE, 0xB21D, 0x581A, 0xB198, 0xCEFF, 0xCEFF,
 0x9D1F, 0x3083, 0x3083, 0x3083, 0x93F4, 0x93F4, 0xED1D, 0xED1D, 0xEA1A, 0xFD3C, 0x0000, 0x0000, 0x0000, 0x0000, 0xFD3C, 0x9251,
 0x94B2, 0x94B2, 0xEA1A, 0xDE5F, 0x0000, 0xEA1A, 0x734D, 0x8A70, 0xED1D, 0xEA1A, 0xDE5F, 0x0000, 0x0000, 0x0000, 0x0000, 0x0000,
 0x0000, 0x0000, 0x0000, 0x0000, 0x0000, 0xFD3C, 0xDA1B, 0xA377, 0xAD39, 0xAD39, 0x93F4, 0x3083, 0x9D1F, 0xCEFF, 0xCEFF, 0xB33D,
 0x90FC, 0x581A, 0xEA5A, 0x9D1F, 0x3083, 0x3083, 0x93F4, 0x93F4, 0xA4B9, 0xA4B9, 0x93F4, 0xAAB3, 0xEA1A, 0x0000, 0x0000, 0x0000,
 0x0000, 0x0000, 0xA913, 0xDA1B, 0x94B2, 0x94B2, 0xEA1A, 0xFFFF, 0x0000, 0xEA1A, 0x734D, 0xCCD9, 0x734D, 0xEA1A, 0x0000, 0x0000,
 0x0000, 0x0000, 0x0000, 0x0000, 0x0000, 0x0000, 0x0000, 0x0000, 0x0000, 0x0000, 0xED1D, 0xA4B9, 0xAD39, 0x93F4, 0x3083, 0x9D1F,
 0xCEFF, 0xCEFF, 0x9D1F, 0x52D7, 0xCC5D, 0x881A, 0xE21A, 0xD25B, 0x3083, 0x93F4, 0xA4B9, 0xAD39, 0xA4B9, 0x93F4, 0xEA1A, 0xEA1A,
 0x0000, 0x0000, 0x0000, 0x0000, 0x0000, 0xFD3C, 0xE099, 0x7952, 0xBDF7, 0x94B2, 0xEA1A, 0xFFFF, 0x0000, 0xEA1A, 0x734D, 0xCCD9,
 0x734D, 0xEA1A, 0xFD3C, 0x0000, 0x0000, 0x0000, 0x0000, 0xDE5F, 0x0000, 0x0000, 0x0000, 0x0000, 0x0000, 0x80EE, 0x80EE, 0xA4B9,
 0x93F4, 0x3083, 0x9D1F, 0xCEFF, 0xCEFF, 0x9D1F, 0x52D7, 0x9D1F, 0xED1C, 0xB21D, 0x581A, 0xD25B, 0xE2BB, 0x7B54, 0xAD39, 0xA4B9,
 0x93F4, 0xEA1A, 0x0000, 0x0000, 0x0000, 0x0000, 0x0000, 0x0000, 0x0000, 0xEA1A, 0xDA1B, 0x5208, 0xBDF7, 0x94B2, 0xEA1A, 0xFFFF,
 0xDE5F, 0xEA1A, 0x734D, 0xBDF7, 0x72D1, 0xED1D, 0xEA1A, 0x0000, 0x0000, 0x0000, 0x0000, 0x0000, 0x0000, 0x0000, 0x0000, 0x0000,
 0x80EE, 0x684B, 0x3083, 0xAD39, 0x93F4, 0x3083, 0x9D1F, 0x9D1F, 0x9D1F, 0x52D7, 0x40E7, 0x9D1F, 0xE7DE, 0xED1C, 0xB95B, 0x581A,
 0xB899, 0xEAFB, 0xAD39, 0xA4B9, 0x93F4, 0xEA1A, 0xFD3C, 0xEA1A, 0xEA1A, 0xFD3C, 0x0000, 0x0000, 0xFD3C, 0xEA1A, 0xED1D, 0x5208,
 0xBDF7, 0x94B2, 0xEA1A, 0xFD3C, 0xFFFF, 0xB133, 0xCE79, 0xFFFF, 0x738E, 0x734D, 0xEA1A, 0x0000, 0x0000, 0x0000, 0x0000, 0x0000,
 0x0000, 0x0000, 0x0000, 0x80EE, 0x40AA, 0x3083, 0x3083, 0xAD39, 0x93F4, 0x3083, 0x9D1F, 0x52D7, 0x52D7, 0x40E5, 0x40E7, 0x9D1F,
 0xE7DE, 0xE7DE, 0xE49C, 0xD25B, 0x90FC, 0xA099, 0xB899, 0xD9B9, 0xE099, 0xE099, 0xDA1B, 0x881A, 0xDA1B, 0xEA1A, 0xFD3C, 0x0000,
 0xFD3C, 0xED1D, 0x5208, 0x738E, 0xBDF7, 0xBDF7, 0xAAF5, 0xFD3C, 0xED1D, 0xB133, 0xCE79, 0xFFFF, 0x738E, 0x734D, 0xEA1A, 0xFD3C,
 0x0000, 0x0000, 0x0000, 0x0000, 0x0000, 0x0000, 0xED1D, 0x80EE, 0x9831, 0x604A, 0x3083, 0xAD39, 0x93F4, 0x3083, 0x40E5, 0x40E5,
 0x40E5, 0x40E7, 0x40E5, 0x9D1F, 0xE7DE, 0xCEFF, 0xCEFF, 0xC37C, 0x80CC, 0xB21D, 0x90FC, 0x581A, 0x581A, 0x581A, 0xA099, 0x717E,
 0x881A, 0xDA1B, 0xEA1A, 0x0000, 0xFD3C, 0xED1D, 0x5208, 0x738E, 0xBDF7, 0xCE79, 0xAAF5, 0xEA1A, 0xE8D9, 0x99AF, 0xCE79, 0xFFFF,
 0x734D, 0x738E, 0x814F, 0xEA1A, 0xFD3C, 0x0000, 0xFBDF, 0xFBDF, 0x0000, 0x0000, 0x80EE, 0x604A, 0x761F, 0x761F, 0x9831, 0xAD39,
 0xAD39, 0x40E5, 0x3083, 0x3083, 0x3083, 0x3083, 0x40E5, 0x9D1F, 0xCEFF, 0xCEFF, 0xCEFF, 0x9D1F, 0x3083, 0x3083, 0x3083, 0x3083,
 0xED1D, 0x717E, 0x717E, 0x9B5F, 0x9B5F, 0x881A, 0xC0FA, 0xC8BA, 0xED1D, 0x814F, 0x7312, 0xBDF7, 0xCE79, 0xCE79, 0xAAF5, 0xFD3C,
 0xE8D9, 0x5208, 0xCE79, 0xFFFF, 0x734D, 0x738E, 0x5208, 0xED1D, 0xEA1A, 0xFAFD, 0x24D7, 0x24D7, 0xFBDF, 0xFBDF, 0x80EE, 0x52D7,
 0xCEFF, 0x24D7, 0x604A, 0xAD39, 0xA4B9, 0x3083, 0x4106, 0x5B7B, 0x4299, 0x4106, 0x3083, 0x4105, 0x9D1F, 0x9D1F, 0x9D1F, 0x3083,
 0x3083, 0x52D7, 0x52D7, 0x3083, 0xEA1A, 0xEA1A, 0xDA1B, 0x9B5F, 0x717E, 0xED1D, 0xE8D9, 0xDA1B, 0xED1D, 0x5208, 0x738E, 0xBDF7,
 0xCE79, 0xCE79, 0x94B2, 0xEA1A, 0xEA1A, 0x5208, 0xCE79, 0xFFFF, 0x5208, 0xC638, 0x738E, 0x5208, 0x5208, 0x99AF, 0xFAFD, 0x24D7,
 0x24D7, 0x761F, 0x9D1F, 0xE7DE, 0x52D7, 0x9831, 0xAD39, 0xA4B9, 0x3083, 0x4106, 0x5B7B, 0x6B9B, 0x5B7B, 0x4299, 0x4106, 0x3083,
 0x3083, 0x3083, 0x3083, 0x3084, 0x52D7, 0xE7DE, 0xCEFF, 0x52D7, 0xE099, 0xEA1A, 0xE099, 0xC8DA, 0xED1D, 0xE099, 0xD135, 0x5208,
 0x5208, 0x738E, 0xBDF7, 0x94B2, 0xBDF7, 0xCE79, 0x94B2, 0xEA1A, 0xEA1A, 0x5208, 0xCE79, 0xFFFF, 0x5208, 0xD69A, 0x738E, 0x738E,
 0xDEFB, 0x738E, 0x99AF, 0xFAFD, 0x761F, 0x97BE, 0x9D1F, 0xCEFF, 0xE7DE, 0x52D7, 0xAD39, 0xA4B9, 0x4106, 0x5B7B, 0x6B9B, 0x5B7B,
 0x5B7B, 0x4299, 0x5187, 0x4106, 0x3083, 0x40E5, 0x40E5, 0x3083, 0x52D7, 0xCEFF, 0xE7DE, 0xCEFF, 0xED1D, 0xFA59, 0xEA1A, 0xE099,
 0xE8D9, 0xD135, 0x738E, 0xBDF7, 0x738E, 0x738E, 0xBDF7, 0x94B2, 0xBDF7, 0xCE79, 0x94B2, 0xEA1A, 0xEA1A, 0x814F, 0xDEDB, 0xFFFF,
 0x5208, 0xC638, 0x94B2, 0x5208, 0x94B2, 0x94B2, 0x5208, 0xFB7F, 0x97BE, 0x761F, 0x24D7, 0x9D1F, 0xA57C, 0xB61C, 0xAD39, 0x4106,
 0x5187, 0x6B9B, 0x5B7B, 0x94DD, 0x94DD, 0x6B9B, 0x5187, 0x3083, 0x40E5, 0x3083, 0x3083, 0x3083, 0x52D7, 0xCEFF, 0xCEFF, 0x9D1F,
 0xEA1A, 0xEA1A, 0x5208, 0x5208, 0xDA1B, 0x5208, 0x94B2, 0x94B2, 0x5208, 0x94B2, 0xBDF7, 0x94B2, 0xBDF7, 0xCE79, 0x94B2, 0xEA1A,
 0xEA1A, 0xD135, 0xCE79, 0xFFFF, 0x5208, 0xD135, 0xD135, 0xD135, 0x5208, 0xC638, 0x738E, 0x9416, 0x761F, 0x24D7, 0x24D7, 0x24D7,
 0x845C, 0xAD39, 0x4106, 0x5187, 0x5187, 0x4E04, 0x1B80, 0x1B80, 0x5B5A, 0x5187, 0x3083, 0x40E5, 0x3083, 0x40E7, 0x3083, 0x52D7,
 0xCEFF, 0xCEFF, 0x9D1F, 0x81D8, 0xE099, 0x5208, 0x738E, 0xB596, 0x5208, 0x738E, 0xC638, 0x5208, 0x738E, 0xDEFB, 0xBDF7, 0x94B2,
 0xBDF7, 0xCE79, 0x94B2, 0xE099, 0xED1D, 0xE8D9, 0x5208, 0xCE79, 0xFFFF, 0xD135, 0xF938, 0x72CE, 0x794E, 0x794E, 0x97BE, 0x8397,
 0x24D7, 0x94B2, 0xE7DE, 0xBCF9, 0x93F4, 0x93F4, 0x4126, 0x5865, 0x598B, 0x598B, 0x4E04, 0x4E04, 0x5187, 0x3083, 0x40E5, 0x40E7,
 0x40E7, 0x40E7, 0x3083, 0xCEFF, 0xCEFF, 0xCEFF, 0x52D7, 0xEA1A, 0x5208, 0xAD75, 0x94B2, 0x5208, 0x738E, 0xC638, 0x738E, 0x5208,
 0x738E, 0xBDF7, 0x94B2, 0xBDF7, 0xCE79, 0x94B2, 0xED1D, 0xC153, 0xDE5F, 0xF0F8, 0xD135, 0xCE79, 0xFFFF, 0xC0B5, 0xDEFB, 0x738E,
 0x738E, 0x79CF, 0x761F, 0x52B0, 0xB9D6, 0x5208, 0xBCF9, 0xA4B9, 0x93F4, 0x3083, 0x3083, 0x38E5, 0x5187, 0x5187, 0x5187, 0x3083,
 0x3083, 0x4105, 0x40C6, 0x3083, 0x3083, 0x3083, 0x40E7, 0x3083, 0xCEFF, 0x52D7, 0xEA1A, 0x99AF, 0x94B2, 0xC638, 0x5208, 0x738E,
 0xC638, 0xDEFB, 0x5208, 0x738E, 0xC638, 0xBDF7, 0x94B2, 0xBDF7, 0xCE79, 0xAAF5, 0xEA1A, 0xA975, 0x0000, 0xFD3C, 0xD135, 0xBDF7,
 0xFFFF, 0x5208, 0xB076, 0x9A31, 0x97BE, 0x7AB3, 0x69F0, 0xAD55, 0xE31B, 0xBCF9, 0xA4B9, 0xAD39, 0x93F4, 0x38A4, 0x4126, 0x3083,
 0x38E5, 0x5187, 0x3083, 0x40E5, 0x40E5, 0x3083, 0x3083, 0x40E7, 0x40E7, 0x3083, 0x3083, 0x3083, 0x3083, 0xED1D, 0x5208, 0x94B2,
 0xD69A, 0x5208, 0x738E, 0xC638, 0x94B2, 0x5208, 0x738E, 0xB596, 0xBDF7, 0xB596, 0x94B2, 0xBDF7, 0xCE79, 0xCA36, 0xDA36, 0xCA95,
 0x0000, 0xFD3C, 0xE8D9, 0x5208, 0xBDF7, 0xFFFF, 0x738E, 0x97BE, 0x761F, 0x3AF0, 0x794E, 0xC9D9, 0xB9D6, 0xA4B9, 0xAD39, 0xBCF9,
 0x9D1F, 0x9D1F, 0x9D1F, 0x9D1F, 0x9D1F, 0xBC57, 0x3083, 0x40E5, 0x40E5, 0x40E5, 0x40E5, 0x40E5, 0x60AA, 0x40E7, 0x3083, 0x3083,
 0x4A69, 0x4A69, 0x94B2, 0xD69A, 0x5208, 0x738E, 0xC638, 0x738E, 0x5208, 0x738E, 0xB596, 0xDEFB, 0xBDF7, 0x94B2, 0xBDF7, 0xCE79,
 0x94B2, 0xF118, 0xF938, 0x9193, 0x0000, 0xFA59, 0xC8BA, 0x8997, 0xBDF7, 0xFFFF, 0x97BE, 0x761F, 0x24D7, 0xDEFB, 0xB596, 0x738E,
 0xA4B9, 0xAD39, 0xBCF9, 0x9D1F, 0xE7DE, 0xE7DE, 0xE7DE, 0xE7DE, 0x9D1F, 0xBC57, 0x83D2, 0x2062, 0x3083, 0x3083, 0x3083, 0x3083,
 0x5868, 0x5868, 0xAAB2, 0x94B2, 0x94B2, 0x94B2, 0xB596, 0x5208, 0x738E, 0xB596, 0x738E, 0x5208, 0x738E, 0xB596, 0xDEFB, 0xBDF7,
 0xBDF7, 0x94B2, 0xBDF7, 0xCE79, 0xC216, 0xF938, 0xC15B, 0xBD77, 0x0000, 0xFA59, 0xFD3C, 0xA356, 0x5208, 0x97BE, 0x761F, 0x24D7,
 0xEABD, 0xE73C, 0xDEFB, 0xB596, 0xA4B9, 0xC5B8, 0xBCF9, 0xE7DE, 0x8ABF, 0xE7DE, 0xE7DE, 0x8ABF, 0xE7DE, 0x9D1F, 0xBC57, 0xAD39,
 0x30C4, 0xA4B9, 0x9AF4, 0x718C, 0x718C, 0xD259, 0x9A10, 0x94B2, 0xACD9, 0xBDF7, 0x94B2, 0xC638, 0xC638, 0xB596, 0xB596, 0x738E,
 0xB596, 0xDEFB, 0xE73C, 0xBDF7, 0x94B2, 0xBDF7, 0xCE79, 0x94B2, 0xA0B3, 0xF938, 0xF157, 0x0000, 0x0000, 0xFA59, 0xFB7F, 0xD1BE,
 0x62F0, 0x4A34, 0x24D7, 0xCE79, 0xC9D9, 0xB596, 0xDEFB, 0xE73C, 0xA4B9, 0xC5B8, 0xBCF9, 0xCEFF, 0x581E, 0xCEFF, 0xCEFF, 0x581E,
 0xCEFF, 0x93F4, 0xBC57, 0xF73F, 0xAD39, 0x9AF4, 0xED1D, 0xA0B3, 0xD859, 0x80B1, 0x998F, 0x7171, 0xC335, 0x8BD5, 0xCE79, 0x738E,
 0xC638, 0xE73C, 0xE73C, 0xC638, 0xE73C, 0xDEFB, 0xBDF7, 0x94B2, 0xCE79, 0xCE79, 0xBDF7, 0xB914, 0x9251, 0xB972, 0xC173, 0xFD3D,
 0x0000, 0xF959, 0xFB7F, 0x7B52, 0x8397, 0x7AB5, 0xEADA, 0xFB5F, 0xF2FE, 0x5208, 0xB596, 0xDEFB, 0xA4B9, 0xC5B8, 0x3868, 0x3868,
 0x3868, 0xCEFF, 0x93F4, 0x3868, 0x3868, 0xBC57, 0xAD39, 0xF73F, 0xBC57, 0xBC57, 0x90D0, 0xC133, 0xFFFF, 0xC236, 0x90D0, 0xC216,
 0xB0B3, 0x718C, 0x836F, 0xCE79, 0x94B2, 0xB596, 0xE73C, 0xEF5D, 0xDEFB, 0xBDF7, 0x94B2, 0xCE79, 0xCE79, 0xBDF7, 0xF118, 0xC973,
 0xA975, 0xF938, 0xFA7A, 0x0000, 0x0000, 0xF99C, 0x97BE, 0x761F, 0x24D7, 0xBA16, 0xB172, 0xBDF7, 0xFFFF, 0xBD3B, 0x5208, 0xB596,
 0xBCF9, 0xAD39, 0x93F4, 0x9D1F, 0xCEFF, 0x9D1F, 0x93F4, 0x93F4, 0x93F4, 0xA4B9, 0xAD39, 0xF73F, 0xBC57, 0xC216, 0xA271, 0xCA95,
 0xFD3D, 0xFD3D, 0xC173, 0xFD3C, 0xC95B, 0xC0B4, 0xB972, 0x94B2, 0xBDF7, 0x94B2, 0xE73C, 0xC638, 0xB596, 0x94B2, 0xCE79, 0xFFFF,
 0xBDF7, 0xC216, 0xF118, 0xCA95, 0xFD3C, 0xB972, 0xFD3D, 0xDE5F, 0x0000, 0x97BE, 0x761F, 0x24D7, 0xFFFF, 0xFD3D, 0xEA1A, 0x916F,
 0xBDF7, 0xFFFF, 0xCE79, 0x5208, 0xB596, 0x581A, 0x717E, 0x93F4, 0x9D1F, 0x9D1F, 0x93F4, 0xD5DF, 0x83D2, 0x717E, 0x581A, 0x581A,
 0x9AF4, 0xEB1B, 0x0000, 0x0000, 0xDE5F, 0xFD3D, 0x0000, 0xFD3C, 0xFFFF, 0xC216, 0x90D0, 0x814F, 0xFFFF, 0xBDF7, 0x94B2, 0xB596,
 0x94B2, 0xCE79, 0xFFFF, 0xBDF7, 0xAAF5, 0xC216, 0xD95A, 0x9193, 0x0000, 0x0000, 0xFD3D, 0x0000, 0x97BE, 0x761F, 0x24D7, 0xFB7F,
 0xBD77, 0xFA7A, 0x0000, 0xC133, 0xB133, 0xBDF7, 0xFFFF, 0xCE79, 0x581A, 0x717E, 0x581E, 0xA4B9, 0x93F4, 0x93F4, 0xC5B8, 0xAD39,
 0x93F4, 0x581E, 0x717E, 0x717E, 0x881A, 0xEA1A, 0x0000, 0xCA95, 0x0000, 0xFD3D, 0x0000, 0xF938, 0xDA36, 0xA271, 0xED1D, 0x94B2,
 0xFFFF, 0xFFFF, 0xCE79, 0x94B2, 0xCE79, 0xFFFF, 0xBDF7, 0x94B2, 0xC216, 0xD95A, 0xA975, 0xBD77, 0xFD3D, 0x0000, 0xD95A, 0x0000,
 0x761F, 0x24D7, 0xFD3C, 0xFB7F, 0xBD77, 0xF938, 0x0000, 0xB972, 0xE8D9, 0x716D, 0xCE79, 0xFFFF, 0x717E, 0x581E, 0x93F4, 0xAD39,
 0xA4B9, 0x93F4, 0xC5B8, 0x93F4, 0xA4B9, 0xC5B8, 0x93F4, 0x581E, 0x90FC, 0xFD3C, 0x0000, 0xCA95, 0x0000, 0xC15B, 0x0000, 0xFFFF,
 0xFD3C, 0xA271, 0x90F1, 0x94B2, 0xFFFF, 0xFFFF, 0xFFFF, 0xCE79, 0xFFFF, 0xCE79, 0x94B2, 0xC0B4, 0x0000, 0xFD3D, 0x61AF, 0x0000,
 0x0000, 0x0000, 0xFD3D, 0x0000, 0xFE1F, 0xFCFF, 0xC157, 0xFC1F, 0xEB9C, 0x0000, 0x0000, 0xB972, 0xDE5F, 0xE8D9, 0x814F, 0xCE79,
 0x717E, 0xFFFF, 0xFFFF, 0x93F4, 0xA4B9, 0xAD39, 0xAD39, 0xA4B9, 0xAD39, 0xAD39, 0xA4B9, 0xED1D, 0x717E, 0xEA1A, 0x0000, 0x0000,
 0x0000, 0x0000, 0x0000, 0xB972, 0xDE5F, 0x90D0, 0xD019, 0x94B2, 0xFFFF, 0xFFFF, 0xFFFF, 0xFFFF, 0xCE79, 0x94B2, 0xC216, 0xFD3C,
 0x0000, 0xD955, 0xCA95, 0x0000, 0x0000, 0x0000, 0xFA7A, 0xFD3D, 0x0000, 0xC316, 0xFE1F, 0x0000, 0xFD3C, 0x0000, 0xFA59, 0xBD77,
 0xDE5F, 0xFFFF, 0xE8D9, 0x99AF, 0x717E, 0xFFFF, 0xFFFF, 0xFFFF, 0xFFFF, 0x93F4, 0x93F4, 0xED1D, 0x93F4, 0x93F4, 0xED1D, 0xEA1A,
 0x717E, 0xEA1A, 0xB2D3, 0x0000, 0x0000, 0xFD3D, 0x0000, 0xB972, 0xC216, 0x80CE, 0x94B2, 0xFFFF, 0xFFFF, 0xFFFF, 0xFFFF, 0xCE79,
 0xAAF5, 0xC216, 0xC216, 0x0000, 0x0000, 0xD955, 0x9BD5, 0x0000, 0xFD3D, 0x0000, 0x0000, 0xFD3D, 0x0000, 0xFD3D, 0xCA95, 0x0000,
 0xFD3C, 0x0000, 0x0000, 0x0000, 0xDE5F, 0xEB9C, 0xFD3C, 0xE8D9, 0xD135, 0xBDF7, 0xCE79, 0xFFFF, 0xFFFF, 0xBDF7, 0x5208, 0xED1D,
 0xEA1A, 0xEA1A, 0xFD3C, 0xE8D9, 0xE8D9, 0xED1D, 0x0000, 0xEBBC, 0x0000, 0x0000, 0x0000, 0xCA95, 0x8912, 0x718C, 0xCE79, 0xFFFF,
 0xFFFF, 0xCE79, 0xBDF7, 0xAAF5, 0xFD3C, 0xC216, 0xED1D, 0x0000, 0x0000, 0x9193, 0x9977, 0x0000, 0xFA7A, 0x0000, 0x0000, 0x0000,
 0x0000, 0xFD3D, 0x0000, 0x0000, 0x0000, 0x0000, 0x0000, 0xBD77, 0x0000, 0x0000, 0x0000, 0x0000, 0xEA1A, 0xD135, 0x5208, 0xBDF7,
 0xBDF7, 0xFFFF, 0xBDF7, 0x5208, 0xEA1A, 0x0000, 0x0000, 0x0000, 0xED1D, 0xED1D, 0x0000, 0x0000, 0x0000, 0xC9FB, 0x0000, 0xA271,
 0x8912, 0xBDF7, 0xFFFF, 0xBDF7, 0xBDF7, 0x94B2, 0xAAF5, 0xED1D, 0xC0B4, 0xA356, 0xBD77, 0x0000, 0x0000, 0xBD77, 0xBD77, 0x0000,
 0xFD3D, 0x0000, 0x0000, 0x0000, 0x0000, 0xFD3D, 0xBD77, 0x0000, 0xFD3C, 0x0000, 0x0000, 0xBD77, 0x0000, 0x0000, 0x0000, 0x0000,
 0x0000, 0x91B9, 0xEA1A, 0x5208, 0x5208, 0x5208, 0x814F, 0x814F, 0xFD3C, 0x0000, 0x0000, 0x0000, 0x0000, 0xDE5F, 0x0000, 0x0000,
 0x0000, 0xDE5F, 0x0000, 0x0000, 0x80CE, 0x94B2, 0x94B2, 0x94B2, 0xAAF5, 0xDA1B, 0xC216, 0xC216, 0xFD3C, 0xFD3D, 0xCA95, 0x0000,
 0x0000, 0x7A34, 0xCA95, 0x0000, 0x0000, 0x0000, 0x0000, 0x0000, 0x0000, 0xFD3D, 0x0000, 0x0000, 0x0000, 0x0000, 0x0000, 0x0000,
 0x0000, 0xEB9C, 0x0000, 0x0000, 0x0000, 0x0000, 0xFD3C, 0xE099, 0xEA1A, 0xEA1A, 0xFD3C, 0xFA59, 0x0000, 0x0000, 0x0000, 0x0000,
 0x0000, 0x0000, 0x0000, 0x0000, 0x0000, 0x0000, 0xFD3D, 0x0000, 0x0000, 0xD859, 0xE8D9, 0xC216, 0xFD3C, 0xFD3C, 0x0000, 0x0000,
 0xFD3C, 0xFD3D, 0xBD77, 0xDE5F, 0x0000, 0xFD3D, 0xFD3C, 0x0000, 0x0000, 0xFD3D, 0x0000, 0x0000, 0x0000, 0x0000, 0x0000, 0x0000,
 0x0000, 0x0000, 0x0000, 0x0000, 0x0000, 0xFD3C, 0x0000, 0x0000, 0x0000, 0x0000, 0x0000, 0x0000, 0x0000, 0x0000, 0x0000, 0x0000,
 0x0000, 0x0000, 0x0000, 0x0000, 0x0000, 0x0000, 0x0000, 0x0000, 0x0000, 0x0000, 0x0000, 0x0000, 0x0000, 0x0000, 0x0000, 0x0000,
 0xFD3D, 0x0000, 0x0000, 0xDE5F, 0xDE5F, 0xFD3D, 0xBD77, 0xFD3D, 0x0000, 0x0000, 0x0000, 0x0000, 0x0000, 0xBD77, 0x0000, 0x0000,

};

#endif /* __images_h */
